﻿{
    "0-ProgramName": "DaySkipperUS",
    "1-Description": "A day skipper for US date format that.  (~7100 skips/hour)",
    "2-Parameters": [
        {
            "00-Type": "SimpleInteger",
            "01-Label": "<b>Number of Frame Skips:</b>",
            "02-Declaration": "const uint32_t SKIPS",
            "03-MinValue": 0,
            "04-MaxValue": 2147483647,
            "98-Default": 10,
            "99-Current": 10
        },
        {
            "00-Type": "SimpleInteger",
            "01-Label": "<b>Real Life Year:</b>",
            "02-Declaration": "const uint16_t REAL_LIFE_YEAR",
            "03-MinValue": 2000,
            "04-MaxValue": 2060,
            "98-Default": 2021,
            "99-Current": 2021
        },
        {
            "00-Type": "Divider",
            "01-Label": "<font size=4><b>Advanced Options:</b> You should not need to touch anything below here.</font>"
        },
        {
            "00-Type": "SimpleInteger",
            "01-Label": "<b>Auto-Correct Interval:</b><br>Run auto-recovery every this # of skips. Zero disables the auto-corrections.",
            "02-Declaration": "const uint16_t CORRECTION_SKIPS",
            "03-MinValue": 0,
            "04-MaxValue": 65535,
            "98-Default": 500,
            "99-Current": 500
        }
    ]
}
