﻿{
    "0-ProgramName": "GodEggItemDupe",
    "1-Description": "Mass duplicate items with the God Egg.",
    "2-Parameters": [
        {
            "00-Type": "SimpleInteger",
            "01-Label": "<b>Fetch this many times:</b>",
            "02-Declaration": "const uint16_t MAX_FETCH_ATTEMPTS",
            "03-MinValue": 0,
            "04-MaxValue": 65535,
            "98-Default": 1000,
            "99-Current": 1000
        },
        {
            "00-Type": "SimpleInteger",
            "01-Label": "<b>Party Round Robin:</b><br>Cycle through this many party members.",
            "02-Declaration": "const uint8_t PARTY_ROUND_ROBIN",
            "03-MinValue": 1,
            "04-MaxValue": 6,
            "98-Default": 6,
            "99-Current": 6
        },
        {
            "00-Type": "BooleanCheckBox",
            "01-Label": "<b>Detach before Release:</b><br>Needed for items like Rusted Sword/Shield.",
            "02-Declaration": "const bool DETACH_BEFORE_RELEASE",
            "98-Default": false,
            "99-Current": false
        }
    ]
}
