﻿{
    "0-ProgramName": "EggSuperCombined2",
    "1-Description": "Mass release breedjects, then run EggCombined2.",
    "2-Parameters": [
        {
            "00-Type": "SimpleInteger",
            "01-Label": "<b>Boxes to Release:</b><br>Start by releasing this many boxes.",
            "02-Declaration": "const uint8_t BOXES_TO_RELEASE",
            "03-MinValue": 0,
            "04-MaxValue": 32,
            "98-Default": 2,
            "99-Current": 2
        },
        {
            "00-Type": "SimpleInteger",
            "01-Label": "<b>Boxes to Skip:</b><br>Then skip this many boxes.",
            "02-Declaration": "const uint8_t BOXES_TO_SKIP",
            "03-MinValue": 0,
            "04-MaxValue": 32,
            "98-Default": 1,
            "99-Current": 1
        },
        {
            "00-Type": "SimpleInteger",
            "01-Label": "<b>Boxes to Hatch:</b>",
            "02-Declaration": "const uint8_t BOXES_TO_HATCH",
            "03-MinValue": 0,
            "04-MaxValue": 32,
            "98-Default": 31,
            "99-Current": 31
        },
        {
            "00-Type": "EnumDropdown",
            "01-Label": "<b>Step Count:</b><br>Lookup the # of steps on Serebii.",
            "02-Declaration": "const uint16_t STEPS_TO_HATCH",
            "03-Options": [
                [
                    "1280",
                    "1280"
                ],
                [
                    "2560",
                    "2560"
                ],
                [
                    "3840",
                    "3840"
                ],
                [
                    "5120",
                    "5120"
                ],
                [
                    "6400",
                    "6400"
                ],
                [
                    "7680",
                    "7680"
                ],
                [
                    "8960",
                    "8960"
                ],
                [
                    "10240",
                    "10240"
                ],
                [
                    "20480",
                    "20480"
                ],
                [
                    "30720",
                    "30720"
                ]
            ],
            "98-Default": "5120",
            "99-Current": "5120"
        },
        {
            "00-Type": "FloatingPoint",
            "01-Label": "<b>Fetches per Batch:</b><br>For each batch of eggs, attempt this many egg fetches.",
            "02-Declaration": "const float FETCHES_PER_BATCH",
            "03-MinValue": 0,
            "04-MaxValue": 7,
            "98-Default": 6,
            "99-Current": 6
        },
        {
            "00-Type": "Divider",
            "01-Label": "<font size=4><b>Advanced Options:</b> You should not need to touch anything below here.</font>"
        },
        {
            "00-Type": "TimeExpression",
            "01-Label": "<b>Safety Time:</b><br>Additional time added to the spinning.",
            "02-Declaration": "const uint16_t SAFETY_TIME",
            "03-MinValue": 0,
            "04-MaxValue": 65535,
            "98-Default": "8 * TICKS_PER_SECOND",
            "99-Current": "8 * TICKS_PER_SECOND"
        },
        {
            "00-Type": "TimeExpression",
            "01-Label": "<b>Early Hatch Safety:</b><br>Eggs will not hatch early by more than this period.",
            "02-Declaration": "const uint16_t EARLY_HATCH_SAFETY",
            "03-MinValue": 0,
            "04-MaxValue": 65535,
            "98-Default": "5 * TICKS_PER_SECOND",
            "99-Current": "5 * TICKS_PER_SECOND"
        },
        {
            "00-Type": "TimeExpression",
            "01-Label": "<b>Hatch Delay:</b><br>Total animation time for hatching 5 eggs when there are no shinies.",
            "02-Declaration": "const uint16_t HATCH_DELAY",
            "03-MinValue": 0,
            "04-MaxValue": 65535,
            "98-Default": "88 * TICKS_PER_SECOND",
            "99-Current": "88 * TICKS_PER_SECOND"
        }
    ]
}
