﻿{
    "0-ConfigName": "FrameworkSettings",
    "1-ConfigPath": "CommonFramework",
    "2-Description": "Global Framework Settings",
    "3-Options": [
        {
            "00-Type": "TimeExpression",
            "01-Label": "<b>Connection Controller Delay:</b><br>Wait this long before starting the program. The LEDs normally flash during this time.",
            "02-Declaration": "const uint16_t CONNECT_CONTROLLER_DELAY",
            "03-MinValue": 0,
            "04-MaxValue": 65535,
            "98-Default": "5 * TICKS_PER_SECOND",
            "99-Current": "5 * TICKS_PER_SECOND"
        },
        {
            "00-Type": "TimeExpression",
            "01-Label": "<b>Settings to Home Delay:</b><br>Delay from pressing home anywhere in the settings to return to the home menu.",
            "02-Declaration": "const uint16_t SETTINGS_TO_HOME_DELAY",
            "03-MinValue": 0,
            "04-MaxValue": 65535,
            "98-Default": "120",
            "99-Current": "120"
        }
    ]
}
