﻿{
    "0-ConfigName": "PokemonSettings",
    "1-ConfigPath": "CommonPokemon",
    "2-Description": "Global Pokémon Settings",
    "3-Options": [
        {
            "00-Type": "Divider",
            "01-Label": "<font size=4><b>General Settings:</b></font>"
        },
        {
            "00-Type": "BooleanCheckBox",
            "01-Label": "<b>Start Game Requires Internet:</b><br>Set this to true if starting the game requires checking the internet. Otherwise, programs that require soft-resetting may not work properly.",
            "02-Declaration": "const bool START_GAME_REQUIRES_INTERNET",
            "98-Default": false,
            "99-Current": false
        },
        {
            "00-Type": "BooleanCheckBox",
            "01-Label": "<b>Tolerate System Update Menu (fast):</b><br>Some programs can bypass the system update menu at little performance cost. Setting this to true enables this.",
            "02-Declaration": "const bool TOLERATE_SYSTEM_UPDATE_MENU_FAST",
            "98-Default": true,
            "99-Current": true
        },
        {
            "00-Type": "BooleanCheckBox",
            "01-Label": "<b>Tolerate System Update Menu (slow):</b><br>Some programs can bypass the system update menu, but will take a noticeable performance hit. Setting this to true enables this.",
            "02-Declaration": "const bool TOLERATE_SYSTEM_UPDATE_MENU_SLOW",
            "98-Default": false,
            "99-Current": false
        },
        {
            "00-Type": "Divider",
            "01-Label": "<font size=4><b>Egg Options:</b></font>"
        },
        {
            "00-Type": "BooleanCheckBox",
            "01-Label": "<b>Auto-Deposit:</b><br>true = Send Pokémon to boxes is \"Automatic\".<br>false = Send Pokémon to boxes is \"Manual\".",
            "02-Declaration": "const bool AUTO_DEPOSIT",
            "98-Default": true,
            "99-Current": true
        },
        {
            "00-Type": "BooleanCheckBox",
            "01-Label": "<b>Egg Fetch Extra Line:</b><br>true = The daycare lady has an extra line of text in Japanese. Set this to true if you are running any of the egg programs in a Japanese game.",
            "02-Declaration": "const bool EGG_FETCH_EXTRA_LINE",
            "98-Default": false,
            "99-Current": false
        },
        {
            "00-Type": "TimeExpression",
            "01-Label": "<b>Fetch Egg Mash Delay:</b><br>Time needed to mash B to fetch an egg and return to overworld when auto-deposit is off.",
            "02-Declaration": "const uint16_t FETCH_EGG_MASH_DELAY",
            "03-MinValue": 0,
            "04-MaxValue": 65535,
            "98-Default": "800",
            "99-Current": "800"
        },
        {
            "00-Type": "Divider",
            "01-Label": "<font size=4><b>Den Options:</b></font>"
        },
        {
            "00-Type": "BooleanCheckBox",
            "01-Label": "<b>Dodge Uncatchable Prompt Fast:</b><br>Which method to use to bypass the uncatchable Pokémon prompt?<br>true = Use a fast (but potentially unreliable) method.<br>false = Use a slower (by about 5 seconds) method.",
            "02-Declaration": "const bool DODGE_UNCATCHABLE_PROMPT_FAST",
            "98-Default": false,
            "99-Current": false
        },
        {
            "00-Type": "Divider",
            "01-Label": "<font size=5><b>Advanced Options:</b></font> You shouldn't need to touch anything below here."
        },
        {
            "00-Type": "Divider",
            "01-Label": "<font size=4><b>General Timings:</b></font>"
        },
        {
            "00-Type": "TimeExpression",
            "01-Label": "<b>Auto-FR Duration:</b><br>Time to accept FRs before returning to den lobby.",
            "02-Declaration": "const uint16_t AUTO_FR_DURATION",
            "03-MinValue": 0,
            "04-MaxValue": 65535,
            "98-Default": "8 * TICKS_PER_SECOND",
            "99-Current": "8 * TICKS_PER_SECOND"
        },
        {
            "00-Type": "Divider",
            "01-Label": "<font size=4><b>Menu Navigation Timings:</b></font>"
        },
        {
            "00-Type": "TimeExpression",
            "01-Label": "<b>Overworld to Menu Delay:</b><br>Delay to bring up the menu when pressing X in the overworld.",
            "02-Declaration": "const uint16_t OVERWORLD_TO_MENU_DELAY",
            "03-MinValue": 0,
            "04-MaxValue": 65535,
            "98-Default": "120",
            "99-Current": "120"
        },
        {
            "00-Type": "TimeExpression",
            "01-Label": "<b>Menu to Overworld Delay:</b><br>Delay to go from menu back to overworld.",
            "02-Declaration": "const uint16_t MENU_TO_OVERWORLD_DELAY",
            "03-MinValue": 0,
            "04-MaxValue": 65535,
            "98-Default": "250",
            "99-Current": "250"
        },
        {
            "00-Type": "TimeExpression",
            "01-Label": "<b>Game to Home Delay (fast):</b><br>Delay from pressing home to entering the the Switch home menu. This affects the speed of date-spamming programs",
            "02-Declaration": "const uint16_t GAME_TO_HOME_DELAY_FAST",
            "03-MinValue": 0,
            "04-MaxValue": 65535,
            "98-Default": "100",
            "99-Current": "100"
        },
        {
            "00-Type": "TimeExpression",
            "01-Label": "<b>Game to Home Delay (safe):</b><br>Delay from pressing home to entering the the Switch home menu. This affects the speed of date-spamming programs",
            "02-Declaration": "const uint16_t GAME_TO_HOME_DELAY_SAFE",
            "03-MinValue": 0,
            "04-MaxValue": 65535,
            "98-Default": "125",
            "99-Current": "125"
        },
        {
            "00-Type": "TimeExpression",
            "01-Label": "<b>Home to Game Delay:</b><br>Delay to enter game from home menu.",
            "02-Declaration": "const uint16_t HOME_TO_GAME_DELAY",
            "03-MinValue": 0,
            "04-MaxValue": 65535,
            "98-Default": "3 * TICKS_PER_SECOND",
            "99-Current": "3 * TICKS_PER_SECOND"
        },
        {
            "00-Type": "TimeExpression",
            "01-Label": "<b>Open Y-COMM Delay:</b><br>Time needed to open Y-COMM.",
            "02-Declaration": "const uint16_t OPEN_YCOMM_DELAY",
            "03-MinValue": 0,
            "04-MaxValue": 65535,
            "98-Default": "200",
            "99-Current": "200"
        },
        {
            "00-Type": "TimeExpression",
            "01-Label": "<b>Enter Profile Delay:</b><br>Delay to enter your Switch profile.",
            "02-Declaration": "const uint16_t ENTER_PROFILE_DELAY",
            "03-MinValue": 0,
            "04-MaxValue": 65535,
            "98-Default": "2 * TICKS_PER_SECOND",
            "99-Current": "2 * TICKS_PER_SECOND"
        },
        {
            "00-Type": "Divider",
            "01-Label": "<font size=4><b>Start Game Timings:</b></font>"
        },
        {
            "00-Type": "TimeExpression",
            "01-Label": "<b>Start Game Internet Check Delay:</b><br>If starting the game requires checking the internet, wait this long for it.",
            "02-Declaration": "const uint16_t START_GAME_INTERNET_CHECK_DELAY",
            "03-MinValue": 0,
            "04-MaxValue": 65535,
            "98-Default": "3 * TICKS_PER_SECOND",
            "99-Current": "3 * TICKS_PER_SECOND"
        },
        {
            "00-Type": "TimeExpression",
            "01-Label": "<b>1. Start Game Mash:</b><br>Mash A for this long to start the game.",
            "02-Declaration": "const uint16_t START_GAME_MASH",
            "03-MinValue": 0,
            "04-MaxValue": 65535,
            "98-Default": "2 * TICKS_PER_SECOND",
            "99-Current": "2 * TICKS_PER_SECOND"
        },
        {
            "00-Type": "TimeExpression",
            "01-Label": "<b>2. Start Game Wait:</b><br>Wait this long for the game to load.",
            "02-Declaration": "const uint16_t START_GAME_WAIT",
            "03-MinValue": 0,
            "04-MaxValue": 65535,
            "98-Default": "20 * TICKS_PER_SECOND",
            "99-Current": "20 * TICKS_PER_SECOND"
        },
        {
            "00-Type": "TimeExpression",
            "01-Label": "<b>3. Enter Game Mash:</b><br>Mash A for this long to enter the game.",
            "02-Declaration": "const uint16_t ENTER_GAME_MASH",
            "03-MinValue": 0,
            "04-MaxValue": 65535,
            "98-Default": "3 * TICKS_PER_SECOND",
            "99-Current": "3 * TICKS_PER_SECOND"
        },
        {
            "00-Type": "TimeExpression",
            "01-Label": "<b>4. Enter Game Wait:</b><br>Wait this long for the game to enter the overworld.",
            "02-Declaration": "const uint16_t ENTER_GAME_WAIT",
            "03-MinValue": 0,
            "04-MaxValue": 65535,
            "98-Default": "11 * TICKS_PER_SECOND",
            "99-Current": "11 * TICKS_PER_SECOND"
        },
        {
            "00-Type": "Divider",
            "01-Label": "<font size=4><b>Den Timings:</b></font>"
        },
        {
            "00-Type": "TimeExpression",
            "01-Label": "<b>Enter Offline Game Delay:</b><br>Time needed to enter a den on final button press.",
            "02-Declaration": "const uint16_t ENTER_OFFLINE_DEN_DELAY",
            "03-MinValue": 0,
            "04-MaxValue": 65535,
            "98-Default": "125",
            "99-Current": "125"
        },
        {
            "00-Type": "TimeExpression",
            "01-Label": "<b>Re-enter Den Delay:</b><br>Time from exiting den after a day-skip to when you can collect watts and re-enter it.",
            "02-Declaration": "const uint16_t REENTER_DEN_DELAY",
            "03-MinValue": 0,
            "04-MaxValue": 65535,
            "98-Default": "5 * TICKS_PER_SECOND",
            "99-Current": "5 * TICKS_PER_SECOND"
        },
        {
            "00-Type": "TimeExpression",
            "01-Label": "<b>Collect Watts Delay (offline):</b>",
            "02-Declaration": "const uint16_t COLLECT_WATTS_OFFLINE_DELAY",
            "03-MinValue": 0,
            "04-MaxValue": 65535,
            "98-Default": "80",
            "99-Current": "80"
        },
        {
            "00-Type": "TimeExpression",
            "01-Label": "<b>Collect Watts Delay (online):</b>",
            "02-Declaration": "const uint16_t COLLECT_WATTS_ONLINE_DELAY",
            "03-MinValue": 0,
            "04-MaxValue": 65535,
            "98-Default": "3 * TICKS_PER_SECOND",
            "99-Current": "3 * TICKS_PER_SECOND"
        },
        {
            "00-Type": "TimeExpression",
            "01-Label": "<b>Uncatchable Prompt Delay:</b><br>Time needed to bypass uncatchable pokemon prompt.",
            "02-Declaration": "const uint16_t UNCATCHABLE_PROMPT_DELAY",
            "03-MinValue": 0,
            "04-MaxValue": 65535,
            "98-Default": "110",
            "99-Current": "110"
        },
        {
            "00-Type": "TimeExpression",
            "01-Label": "<b>Open Local Den Lobby Delay:</b><br>Time needed to open a den lobby on local connection.",
            "02-Declaration": "const uint16_t OPEN_LOCAL_DEN_LOBBY_DELAY",
            "03-MinValue": 0,
            "04-MaxValue": 65535,
            "98-Default": "3 * TICKS_PER_SECOND",
            "99-Current": "3 * TICKS_PER_SECOND"
        },
        {
            "00-Type": "TimeExpression",
            "01-Label": "<b>Enter Switch Pokémon:</b><br>Time needed to enter Switch Pokémon.",
            "02-Declaration": "const uint16_t ENTER_SWITCH_POKEMON",
            "03-MinValue": 0,
            "04-MaxValue": 65535,
            "98-Default": "4 * TICKS_PER_SECOND",
            "99-Current": "4 * TICKS_PER_SECOND"
        },
        {
            "00-Type": "TimeExpression",
            "01-Label": "<b>Exit Switch Pokémon:</b><br>Time needed to exit Switch Pokémon back to den lobby.",
            "02-Declaration": "const uint16_t EXIT_SWITCH_POKEMON",
            "03-MinValue": 0,
            "04-MaxValue": 65535,
            "98-Default": "3 * TICKS_PER_SECOND",
            "99-Current": "3 * TICKS_PER_SECOND"
        },
        {
            "00-Type": "TimeExpression",
            "01-Label": "<b>Full Lobby Timer:</b><br>Always 3 minutes.",
            "02-Declaration": "const uint16_t FULL_LOBBY_TIMER",
            "03-MinValue": 0,
            "04-MaxValue": 65535,
            "98-Default": "180 * TICKS_PER_SECOND",
            "99-Current": "180 * TICKS_PER_SECOND"
        },
        {
            "00-Type": "Divider",
            "01-Label": "<font size=4><b>Box Timings:</b></font> (for egg programs)"
        },
        {
            "00-Type": "TimeExpression",
            "01-Label": "<b>Box Scroll Delay:</b><br>Delay to move the cursor.",
            "02-Declaration": "const uint16_t BOX_SCROLL_DELAY",
            "03-MinValue": 0,
            "04-MaxValue": 65535,
            "98-Default": "20",
            "99-Current": "20"
        },
        {
            "00-Type": "TimeExpression",
            "01-Label": "<b>Box Change Delay:</b><br>Delay to change boxes.",
            "02-Declaration": "const uint16_t BOX_CHANGE_DELAY",
            "03-MinValue": 0,
            "04-MaxValue": 65535,
            "98-Default": "80",
            "99-Current": "80"
        },
        {
            "00-Type": "TimeExpression",
            "01-Label": "<b>Box Pickup/Drop Delay:</b><br>Delay to pickup/drop Pokémon.",
            "02-Declaration": "const uint16_t BOX_PICKUP_DROP_DELAY",
            "03-MinValue": 0,
            "04-MaxValue": 65535,
            "98-Default": "90",
            "99-Current": "90"
        },
        {
            "00-Type": "TimeExpression",
            "01-Label": "<b>Menu To Pokémon Delay:</b><br>Delay to enter Pokémon menu.",
            "02-Declaration": "const uint16_t MENU_TO_POKEMON_DELAY",
            "03-MinValue": 0,
            "04-MaxValue": 65535,
            "98-Default": "300",
            "99-Current": "300"
        },
        {
            "00-Type": "TimeExpression",
            "01-Label": "<b>Pokémon to Box Delay:</b><br>Delay to enter box system.",
            "02-Declaration": "const uint16_t POKEMON_TO_BOX_DELAY",
            "03-MinValue": 0,
            "04-MaxValue": 65535,
            "98-Default": "300",
            "99-Current": "300"
        },
        {
            "00-Type": "TimeExpression",
            "01-Label": "<b>Box to Pokémon Delay:</b><br>Delay to exit box system.",
            "02-Declaration": "const uint16_t BOX_TO_POKEMON_DELAY",
            "03-MinValue": 0,
            "04-MaxValue": 65535,
            "98-Default": "250",
            "99-Current": "250"
        },
        {
            "00-Type": "TimeExpression",
            "01-Label": "<b>Pokémon to Menu Delay:</b><br>Delay to return to menu.",
            "02-Declaration": "const uint16_t POKEMON_TO_MENU_DELAY",
            "03-MinValue": 0,
            "04-MaxValue": 65535,
            "98-Default": "250",
            "99-Current": "250"
        }
    ]
}
