﻿{
    "0-ProgramName": "FastCodeEntry",
    "1-Description": "Force your way into raids by entering 8-digit codes in under 1 second.",
    "2-Parameters": [
        {
            "00-Type": "FixedCode",
            "01-Label": "<b>Raid Code:</b>",
            "02-Declaration": "const char* RAID_CODE",
            "03-Digits": 8,
            "98-Default": "9107 3091",
            "99-Current": "9107 3091"
        },
        {
            "00-Type": "TimeExpression",
            "01-Label": "<b>Initial Delay:</b><br>Wait this long before entering the code.",
            "02-Declaration": "const uint16_t INITIAL_DELAY",
            "03-MinValue": 0,
            "04-MaxValue": 65535,
            "98-Default": "0 * TICKS_PER_SECOND",
            "99-Current": "0 * TICKS_PER_SECOND"
        }
    ]
}
