﻿{
    "0-ProgramName": "FriendDelete",
    "1-Description": "Mass delete/block all those unwanted friends.",
    "2-Parameters": [
        {
            "00-Type": "SimpleInteger",
            "01-Label": "<b>Number of Friends to Delete:</b>",
            "02-Declaration": "const uint16_t FRIENDS_TO_DELETE",
            "03-MinValue": 0,
            "04-MaxValue": 300,
            "98-Default": 3,
            "99-Current": 3
        },
        {
            "00-Type": "BooleanCheckBox",
            "01-Label": "<b>Block Friends:</b><br>Block instead of delete!",
            "02-Declaration": "const bool BLOCK_FRIENDS",
            "98-Default": false,
            "99-Current": false
        },
        {
            "00-Type": "TimeExpression",
            "01-Label": "<b>View Friend Delay:</b><br>Delay from opening a friend to when you can press buttons.",
            "02-Declaration": "const uint16_t VIEW_FRIEND_DELAY",
            "03-MinValue": 0,
            "04-MaxValue": 65535,
            "98-Default": "2 * TICKS_PER_SECOND",
            "99-Current": "2 * TICKS_PER_SECOND"
        },
        {
            "00-Type": "TimeExpression",
            "01-Label": "<b>Delete Friend Delay:</b><br>Delay to delete the friend.",
            "02-Declaration": "const uint16_t DELETE_FRIEND_DELAY",
            "03-MinValue": 0,
            "04-MaxValue": 65535,
            "98-Default": "8 * TICKS_PER_SECOND",
            "99-Current": "8 * TICKS_PER_SECOND"
        },
        {
            "00-Type": "TimeExpression",
            "01-Label": "<b>Finish Delete Delay:</b><br>Delay after deleting a friend.",
            "02-Declaration": "const uint16_t FINISH_DELETE_DELAY",
            "03-MinValue": 0,
            "04-MaxValue": 65535,
            "98-Default": "2 * TICKS_PER_SECOND",
            "99-Current": "2 * TICKS_PER_SECOND"
        }
    ]
}
