﻿{
    "0-ProgramName": "TradeBot",
    "1-Description": "Surprise trade with a code for hosting giveaways.",
    "2-Parameters": [
        {
            "00-Type": "FixedCode",
            "01-Label": "<b>Trade Code:</b>",
            "02-Declaration": "const char* TRADE_CODE",
            "03-Digits": 8,
            "98-Default": "1280 0000",
            "99-Current": "1280 0000"
        },
        {
            "00-Type": "SimpleInteger",
            "01-Label": "<b>Number of Boxes to Trade:</b>",
            "02-Declaration": "const uint8_t BOXES_TO_TRADE",
            "03-MinValue": 0,
            "04-MaxValue": 255,
            "98-Default": 2,
            "99-Current": 2
        },
        {
            "00-Type": "BooleanCheckBox",
            "01-Label": "<b>Link Trade Extra Line:</b><br>Set this if you are playing in German.",
            "02-Declaration": "const bool LINK_TRADE_EXTRA_LINE",
            "98-Default": false,
            "99-Current": false
        },
        {
            "00-Type": "TimeExpression",
            "01-Label": "<b>Time to wait for a Trade Partner:</b>",
            "02-Declaration": "const uint16_t SEARCH_DELAY",
            "03-MinValue": 0,
            "04-MaxValue": 65535,
            "98-Default": "20 * TICKS_PER_SECOND",
            "99-Current": "20 * TICKS_PER_SECOND"
        },
        {
            "00-Type": "TimeExpression",
            "01-Label": "<b>Time to wait for Partner to Confirm:</b>",
            "02-Declaration": "const uint16_t CONFIRM_DELAY",
            "03-MinValue": 0,
            "04-MaxValue": 65535,
            "98-Default": "10 * TICKS_PER_SECOND",
            "99-Current": "10 * TICKS_PER_SECOND"
        },
        {
            "00-Type": "TimeExpression",
            "01-Label": "<b>Time for Trade to Start:</b>",
            "02-Declaration": "const uint16_t TRADE_START",
            "03-MinValue": 0,
            "04-MaxValue": 65535,
            "98-Default": "10 * TICKS_PER_SECOND",
            "99-Current": "10 * TICKS_PER_SECOND"
        },
        {
            "00-Type": "TimeExpression",
            "01-Label": "<b>Communication Window:</b>",
            "02-Declaration": "const uint16_t TRADE_COMMUNICATION",
            "03-MinValue": 0,
            "04-MaxValue": 65535,
            "98-Default": "20 * TICKS_PER_SECOND",
            "99-Current": "20 * TICKS_PER_SECOND"
        },
        {
            "00-Type": "Divider",
            "01-Label": "<font size=4><b>Advanced Options:</b> You should not need to touch anything below here.</font>"
        },
        {
            "00-Type": "TimeExpression",
            "01-Label": "<b>Trade Animation Time:</b>",
            "02-Declaration": "const uint16_t TRADE_ANIMATION",
            "03-MinValue": 0,
            "04-MaxValue": 65535,
            "98-Default": "23 * TICKS_PER_SECOND",
            "99-Current": "23 * TICKS_PER_SECOND"
        },
        {
            "00-Type": "TimeExpression",
            "01-Label": "<b>Evolve Delay:</b>",
            "02-Declaration": "const uint16_t EVOLVE_DELAY",
            "03-MinValue": 0,
            "04-MaxValue": 65535,
            "98-Default": "30 * TICKS_PER_SECOND",
            "99-Current": "30 * TICKS_PER_SECOND"
        }
    ]
}
