﻿{
    "abomasnow": [
        "暴雪王",
        "繁霎王",
        "鬘粘王"
    ],
    "abra": [
        "凱西"
    ],
    "absol": [
        "阿勃梭魯"
    ],
    "accelgor": [
        "敏捷蟲",
        "敬捷蟳"
    ],
    "aegislash": [
        "堅盾劍怪"
    ],
    "aerodactyl": [
        "化石翼龍"
    ],
    "aggron": [
        "波士可多拉"
    ],
    "aipom": [
        "長尾怪手"
    ],
    "alakazam": [
        "胡地"
    ],
    "alcremie": [
        "霜奶仙",
        "霜妒什",
        "霏奶仔"
    ],
    "alomomola": [
        "保母曼波"
    ],
    "altaria": [
        "七夕青鳥"
    ],
    "amaura": [
        "冰雪龍"
    ],
    "ambipom": [
        "雙尾怪手"
    ],
    "amoonguss": [
        "敗露球菇"
    ],
    "ampharos": [
        "電龍"
    ],
    "anorith": [
        "太古羽蟲"
    ],
    "appletun": [
        "豐蜜龍"
    ],
    "applin": [
        "啃果蟲",
        "嘀果蟬"
    ],
    "araquanid": [
        "滴蛛霸",
        "漪蛛霽",
        "滴蛛露",
        "滴蛛霞",
        "滴蛛縉",
        "滴蛛鍾",
        "滴蛛繰",
        "滴蛛霽"
    ],
    "arbok": [
        "阿柏怪"
    ],
    "arcanine": [
        "風速狗"
    ],
    "arceus": [
        "阿爾宙斯"
    ],
    "archen": [
        "始祖小鳥"
    ],
    "archeops": [
        "始祖大鳥"
    ],
    "arctovish": [
        "鰓魚海獸"
    ],
    "arctozolt": [
        "雷鳥海獸",
        "震鴻海獸"
    ],
    "ariados": [
        "阿利多斯"
    ],
    "armaldo": [
        "太古盔甲"
    ],
    "aromatisse": [
        "芳香精",
        "芛水精"
    ],
    "aron": [
        "可可多拉"
    ],
    "arrokuda": [
        "刺梭魚"
    ],
    "articuno": [
        "急凍鳥"
    ],
    "audino": [
        "差不多娃娃"
    ],
    "aurorus": [
        "冰雪巨龍"
    ],
    "avalugg": [
        "冰岩怪"
    ],
    "axew": [
        "牙牙",
        "牙"
    ],
    "azelf": [
        "亞克諾姆"
    ],
    "azumarill": [
        "瑪力露麗"
    ],
    "azurill": [
        "露力麗"
    ],
    "bagon": [
        "寶貝龍"
    ],
    "baltoy": [
        "天秤偶"
    ],
    "banette": [
        "詛咒娃娃"
    ],
    "barbaracle": [
        "龜足巨鎧"
    ],
    "barboach": [
        "泥泥鰍"
    ],
    "barraskewda": [
        "戽斗尖梭"
    ],
    "basculin": [
        "野蠻鱸魚",
        "明鑾鰲魚"
    ],
    "bastiodon": [
        "護城龍"
    ],
    "bayleef": [
        "月桂葉"
    ],
    "beartic": [
        "凍原熊"
    ],
    "beautifly": [
        "狩獵鳳蝶"
    ],
    "beedrill": [
        "大針蜂"
    ],
    "beheeyem": [
        "大宇怪"
    ],
    "beldum": [
        "鐵啞鈴",
        "鑷啞銻"
    ],
    "bellossom": [
        "美麗花"
    ],
    "bellsprout": [
        "喇叭芽"
    ],
    "bergmite": [
        "冰寶",
        "冰竅",
        "冰窟",
        "冰寰",
        "冰竊"
    ],
    "bewear": [
        "穿著熊"
    ],
    "bibarel": [
        "大尾狸"
    ],
    "bidoof": [
        "大牙狸"
    ],
    "binacle": [
        "龜腳腳"
    ],
    "bisharp": [
        "劈斬司令"
    ],
    "blacephalon": [
        "砰頭小丑"
    ],
    "blastoise": [
        "水箭龜",
        "水範鑣"
    ],
    "blaziken": [
        "火焰雞"
    ],
    "blipbug": [
        "索偵蟲",
        "沉傭蟬",
        "索偲蟬",
        "索傖蟬",
        "索偲嶠"
    ],
    "blissey": [
        "幸福蛋"
    ],
    "blitzle": [
        "斑斑馬"
    ],
    "boldore": [
        "地幔岩",
        "地幗呱"
    ],
    "boltund": [
        "逐電犬",
        "逐霞大"
    ],
    "bonsly": [
        "盆才怪",
        "岭才悸"
    ],
    "bouffalant": [
        "爆炸頭水牛"
    ],
    "bounsweet": [
        "甜竹竹"
    ],
    "braixen": [
        "長尾火狐"
    ],
    "braviary": [
        "勇士雄鷹"
    ],
    "breloom": [
        "斗笠菇"
    ],
    "brionne": [
        "花漾海獅"
    ],
    "bronzong": [
        "青銅鐘",
        "靚錯鐘"
    ],
    "bronzor": [
        "銅鏡怪"
    ],
    "bruxish": [
        "磨牙彩皮魚"
    ],
    "budew": [
        "含羞苞",
        "含苗苦",
        "訛蓄苦"
    ],
    "buizel": [
        "泳圈鼬"
    ],
    "bulbasaur": [
        "妙蛙種子"
    ],
    "buneary": [
        "捲捲耳"
    ],
    "bunnelby": [
        "掘掘兔"
    ],
    "burmy": [
        "結草兒"
    ],
    "butterfree": [
        "巴大蝶"
    ],
    "buzzwole": [
        "爆肌蚊"
    ],
    "cacnea": [
        "刺球仙人掌"
    ],
    "cacturne": [
        "夢歌仙人掌"
    ],
    "calyrex": [
        "蕾冠王"
    ],
    "camerupt": [
        "噴火駝"
    ],
    "carbink": [
        "小碎鑽"
    ],
    "carkol": [
        "大炭車"
    ],
    "carnivine": [
        "尖牙籠"
    ],
    "carracosta": [
        "肋骨海龜"
    ],
    "carvanha": [
        "利牙魚"
    ],
    "cascoon": [
        "盾甲繭"
    ],
    "castform": [
        "飄浮泡泡"
    ],
    "caterpie": [
        "綠毛蟲",
        "緣毛蟳"
    ],
    "celebi": [
        "時拉比"
    ],
    "celesteela": [
        "鐵火輝夜"
    ],
    "centiskorch": [
        "焚焰蚣",
        "焯焰蚌",
        "裱焰蚰",
        "娠焰蚌",
        "裱焰蛆",
        "婭焰蛆",
        "焊焰蚌"
    ],
    "chandelure": [
        "水晶燈火靈"
    ],
    "chansey": [
        "吉利蛋"
    ],
    "charizard": [
        "噴火龍"
    ],
    "charjabug": [
        "蟲電寶",
        "21丞e",
        "一沙安客詞e11111上2",
        "至客詩e1111c上一"
    ],
    "charmander": [
        "小火龍"
    ],
    "charmeleon": [
        "火恐龍",
        "灰惇龍",
        "炎惇龍"
    ],
    "chatot": [
        "聒噪鳥"
    ],
    "cherrim": [
        "櫻花兒"
    ],
    "cherubi": [
        "櫻花寶"
    ],
    "chesnaught": [
        "布里卡隆"
    ],
    "chespin": [
        "哈力栗"
    ],
    "chewtle": [
        "咬咬龜",
        "咽咳龜",
        "陔咸魔",
        "咬咪虫"
    ],
    "chikorita": [
        "菊草葉"
    ],
    "chimchar": [
        "小火焰猴"
    ],
    "chimecho": [
        "風鈴鈴"
    ],
    "chinchou": [
        "燈籠魚",
        "蒸築魚"
    ],
    "chingling": [
        "鈴鐺響"
    ],
    "ciccino": [
        "奇諾栗鼠",
        "三下在巨一ˉ司右栗",
        "2世玫的了石栗e嵐",
        "三乏扭社e司日右栗"
    ],
    "cinderace": [
        "閃焰王牌"
    ],
    "clamperl": [
        "珍珠貝"
    ],
    "clauncher": [
        "鐵臂槍蝦"
    ],
    "clawitzer": [
        "鋼砲臂蝦",
        "錮炮膺蝦",
        "銑炮膠蝦"
    ],
    "claydol": [
        "念力土偶"
    ],
    "clefable": [
        "皮可西"
    ],
    "clefairy": [
        "皮皮",
        "底皮",
        "戍",
        "戍台",
        "戎底",
        "店",
        "廂"
    ],
    "cleffa": [
        "皮寶寶",
        "底竊寶",
        "戍竊寶",
        "皮竊竊",
        "皮窟",
        "竊竊",
        "皮竊窟"
    ],
    "clobbopus": [
        "拳拳蛸",
        "拳括蜆"
    ],
    "cloyster": [
        "刺甲貝"
    ],
    "coalossal": [
        "巨炭山"
    ],
    "cobalion": [
        "勾帕路翁"
    ],
    "cofagrigus": [
        "死神棺"
    ],
    "combee": [
        "三蜜蜂",
        "三寄蝶",
        "三寄螳",
        "上蜜蟀"
    ],
    "combusken": [
        "力壯雞"
    ],
    "comfey": [
        "花療環環"
    ],
    "conkeldurr": [
        "修建老匠"
    ],
    "copperajah": [
        "大王銅象"
    ],
    "corphish": [
        "龍蝦小兵"
    ],
    "corsola": [
        "太陽珊瑚"
    ],
    "corviknight": [
        "鋼鎧鴉",
        "錮鎔鵡",
        "錮鎧鵲",
        "錮鍺鴉",
        "鋼鎴鴞",
        "鋼鎴鵲",
        "錮鎬鵲",
        "鋼鍺鴆"
    ],
    "corvisquire": [
        "藍鴉",
        "藍鵡",
        "藍鵑",
        "藍鵲"
    ],
    "cosmoem": [
        "科斯莫姆"
    ],
    "cosmog": [
        "科斯莫古"
    ],
    "cottonee": [
        "木棉球"
    ],
    "crabominable": [
        "好勝毛蟹"
    ],
    "crabrawler": [
        "好勝蟹"
    ],
    "cradily": [
        "搖籃百合",
        "搐篠百含",
        "搬鱨百名"
    ],
    "cramorant": [
        "古月鳥"
    ],
    "cranidos": [
        "頭蓋龍"
    ],
    "crawdaunt": [
        "鐵螯龍蝦"
    ],
    "cresselia": [
        "克雷色利亞"
    ],
    "croagunk": [
        "不良蛙"
    ],
    "crobat": [
        "叉字蝠"
    ],
    "croconaw": [
        "藍鱷"
    ],
    "crustle": [
        "岩殿居蟹"
    ],
    "cryogonal": [
        "幾何雪花"
    ],
    "cubchoo": [
        "噴嚏熊",
        "噴嘗熔",
        "口忖一ˉ官山一口刀貝ˊ彗1匕"
    ],
    "cubone": [
        "卡拉卡拉"
    ],
    "cufant": [
        "銅象",
        "鋁象",
        "鋤象",
        "銅繁",
        "銅細"
    ],
    "cursola": [
        "魔靈珊瑚"
    ],
    "cutiefly": [
        "萌虻",
        "葫虻",
        "萌虹",
        "葷虻"
    ],
    "cyndaquil": [
        "火球鼠"
    ],
    "darkrai": [
        "達克萊伊"
    ],
    "darmanitan": [
        "達摩狒狒"
    ],
    "dartrix": [
        "投羽梟"
    ],
    "darumaka": [
        "火紅不倒翁",
        "灰紀不側翰"
    ],
    "decidueye": [
        "狙射樹梟"
    ],
    "dedenne": [
        "咚咚鼠",
        "啤唯鼠",
        "唆咫鼠",
        "晉品鼬",
        "哈哈鼠"
    ],
    "deerling": [
        "四季鹿"
    ],
    "deino": [
        "單首龍"
    ],
    "delcatty": [
        "優雅貓"
    ],
    "delibird": [
        "信使鳥",
        "倍使島",
        "俸使火",
        "倍使鴻"
    ],
    "delphox": [
        "妖火紅狐"
    ],
    "deoxys": [
        "代歐奇希斯"
    ],
    "dewgong": [
        "白海獅"
    ],
    "dewott": [
        "雙刃丸"
    ],
    "dewpider": [
        "滴蛛",
        "溧蛛",
        "漏蛛",
        "溜蛛"
    ],
    "dhelmise": [
        "破破舵輪",
        "破破胤輸"
    ],
    "dialga": [
        "帝牙盧卡"
    ],
    "diancie": [
        "蒂安希"
    ],
    "diggersby": [
        "掘地兔"
    ],
    "diglett": [
        "地鼠",
        "鼠地",
        "地鼬",
        "地咐"
    ],
    "ditto": [
        "百變怪"
    ],
    "dodrio": [
        "嘟嘟利"
    ],
    "doduo": [
        "嘟嘟"
    ],
    "donphan": [
        "頓甲"
    ],
    "dottler": [
        "天罩蟲",
        "天置蟬3"
    ],
    "doublade": [
        "雙劍鞘"
    ],
    "dracovish": [
        "鰓魚龍"
    ],
    "dracozolt": [
        "雷鳥龍",
        "震火龍"
    ],
    "dragalge": [
        "毒藻龍"
    ],
    "dragapult": [
        "多龍巴魯托"
    ],
    "dragonair": [
        "哈克龍"
    ],
    "dragonite": [
        "快龍"
    ],
    "drakloak": [
        "多龍奇"
    ],
    "drampa": [
        "老翁龍"
    ],
    "drapion": [
        "龍王蠍"
    ],
    "dratini": [
        "迷你龍"
    ],
    "drednaw": [
        "暴噬龜",
        "暴噁鍾",
        "暴囉鎮"
    ],
    "dreepy": [
        "多龍梅西亞"
    ],
    "drifblim": [
        "隨風球"
    ],
    "drifloon": [
        "飄飄球",
        "覲覲球"
    ],
    "drilbur": [
        "螺釘地鼠"
    ],
    "drizzile": [
        "變澀蜥",
        "鱺澀螃"
    ],
    "drowzee": [
        "催眠貘"
    ],
    "druddigon": [
        "赤面龍"
    ],
    "dubwool": [
        "毛毛角羊"
    ],
    "ducklett": [
        "鴨寶寶"
    ],
    "dugtrio": [
        "三地鼠",
        "趾地",
        "三地鼬"
    ],
    "dunsparce": [
        "土龍弟弟"
    ],
    "duosion": [
        "雙卵細胞球"
    ],
    "duraludon": [
        "鋁鋼龍"
    ],
    "durant": [
        "鐵蟻",
        "鑷蟻",
        "鑷曬"
    ],
    "dusclops": [
        "彷徨夜靈"
    ],
    "dusknoir": [
        "黑夜魔靈",
        "焰夜鷹靈"
    ],
    "duskull": [
        "夜巡靈"
    ],
    "dustox": [
        "毒粉蛾"
    ],
    "dwebble": [
        "石居蟹"
    ],
    "eelektrik": [
        "麻麻鰻"
    ],
    "eelektross": [
        "麻麻鰻魚王"
    ],
    "eevee": [
        "伊布"
    ],
    "eiscue": [
        "冰砌鵝"
    ],
    "ekans": [
        "阿柏蛇"
    ],
    "eldegoss": [
        "白蓬蓬",
        "白遨遨"
    ],
    "electabuzz": [
        "電擊獸",
        "電摘獎"
    ],
    "electivire": [
        "電擊魔獸",
        "電擊廩獄"
    ],
    "electrike": [
        "落雷獸",
        "落電默"
    ],
    "electrode": [
        "頑皮雷彈"
    ],
    "elekid": [
        "電擊怪"
    ],
    "elgyem": [
        "小灰怪"
    ],
    "emboar": [
        "炎武王"
    ],
    "emolga": [
        "電飛鼠",
        "泰扭的e巨飛ee1",
        "旱咋巨一e目ˊ飛歪1",
        "甾e一e目飛歪1",
        "詠rgdke1宅飛仨凰"
    ],
    "empoleon": [
        "帝王拿波"
    ],
    "entei": [
        "炎帝"
    ],
    "escavalier": [
        "騎士蝸牛"
    ],
    "espeon": [
        "太陽伊布"
    ],
    "espurr": [
        "妙喵",
        "妙嚜",
        "姚嗤",
        "妙嗝",
        "妙嗜"
    ],
    "eternatus": [
        "無極汰那"
    ],
    "excadrill": [
        "龍頭地鼠"
    ],
    "exeggcute": [
        "蛋蛋",
        "ee",
        "玩硌弦1心",
        "ea27下在",
        "z吟己山坊",
        "蛋蚰",
        "e田貝",
        "研硍在頁",
        "七已世在坊"
    ],
    "exeggutor": [
        "椰蛋樹"
    ],
    "exploud": [
        "爆音怪"
    ],
    "falinks": [
        "列陣兵"
    ],
    "farfetch-d": [
        "大蔥鴨"
    ],
    "fearow": [
        "大嘴雀"
    ],
    "feebas": [
        "醜醜魚"
    ],
    "fennekin": [
        "火狐狸"
    ],
    "feraligatr": [
        "大力鱷"
    ],
    "ferroseed": [
        "種子鐵球"
    ],
    "ferrothorn": [
        "堅果啞鈴"
    ],
    "finneon": [
        "螢光魚"
    ],
    "flaaffy": [
        "茸茸羊"
    ],
    "flabebe": [
        "花蓓蓓"
    ],
    "flapple": [
        "蘋裹龍",
        "薀製龍",
        "薪喪龍",
        "薪褻龍"
    ],
    "flareon": [
        "火伊布",
        "灰伊布",
        "史伊布",
        "炎伊布"
    ],
    "fletchinder": [
        "火箭雀",
        "灰箱雖",
        "炎節唾",
        "灰範集"
    ],
    "fletchling": [
        "小箭雀",
        "小筷雖",
        "小節箕",
        "小範雕"
    ],
    "floatzel": [
        "浮潛鼬"
    ],
    "floette": [
        "花葉蒂"
    ],
    "florges": [
        "花潔夫人"
    ],
    "flygon": [
        "沙漠蜻蜓",
        "泌漢螬蜓"
    ],
    "fomantis": [
        "偽螳草"
    ],
    "foongus": [
        "哎呀球菇"
    ],
    "forretress": [
        "佛烈托斯"
    ],
    "fraxure": [
        "斧牙龍"
    ],
    "frillish": [
        "輕飄飄",
        "輿覲覲",
        "輒颶颼",
        "輊覲覲"
    ],
    "froakie": [
        "呱呱泡蛙"
    ],
    "frogadier": [
        "呱頭蛙"
    ],
    "froslass": [
        "雪妖女"
    ],
    "frosmoth": [
        "雪絨蛾",
        "雲絨蜓",
        "雷絨蜓"
    ],
    "furfrou": [
        "多麗米亞"
    ],
    "furret": [
        "大尾立"
    ],
    "gabite": [
        "尖牙陸鯊"
    ],
    "gallade": [
        "艾路雷朵"
    ],
    "galvantula": [
        "電蜘蛛"
    ],
    "garbodor": [
        "灰塵山",
        "友慶山",
        "炎廳山",
        "炎慧山"
    ],
    "garchomp": [
        "烈咬陸鯊",
        "烤啜陸簍",
        "烊咳陸瘺",
        "烊咸陸蠟"
    ],
    "gardevoir": [
        "沙奈朵",
        "切世尕少zˍ支7杖",
        "3月j人少刀貢木",
        "凶y愛切少刀責木",
        "切少刁嚏7杖",
        "3人泰宛朵",
        "切世尕少zˍ嚏7",
        "切y仁少刀貢木"
    ],
    "gastly": [
        "鬼斯"
    ],
    "gastrodon": [
        "海兔獸"
    ],
    "genesect": [
        "蓋諾賽克特"
    ],
    "gengar": [
        "耿鬼",
        "賴鬼"
    ],
    "geodude": [
        "小拳石"
    ],
    "gible": [
        "圓陸鯊",
        "圖陸熬",
        "圖陸煌"
    ],
    "gigalith": [
        "龐岩怪",
        "廣岷怪"
    ],
    "girafarig": [
        "麒麟奇"
    ],
    "giratina": [
        "騎拉帝納"
    ],
    "glaceon": [
        "冰伊布"
    ],
    "glalie": [
        "冰鬼護"
    ],
    "glameow": [
        "魅力喵"
    ],
    "glastrier": [
        "雪暴馬",
        "雷曝馬"
    ],
    "gligar": [
        "天蠍"
    ],
    "gliscor": [
        "天蠍王"
    ],
    "gloom": [
        "臭臭花"
    ],
    "gogoat": [
        "坐騎山羊"
    ],
    "golbat": [
        "大嘴蝠"
    ],
    "goldeen": [
        "角金魚"
    ],
    "golduck": [
        "哥達鴨",
        "吃遊鴨"
    ],
    "golem": [
        "隆隆岩"
    ],
    "golett": [
        "泥偶小人"
    ],
    "golisopod": [
        "具甲武者"
    ],
    "golurk": [
        "泥偶巨人"
    ],
    "goodra": [
        "黏美龍"
    ],
    "goomy": [
        "黏黏寶"
    ],
    "gorebyss": [
        "櫻花魚"
    ],
    "gossifleur": [
        "幼棉棉"
    ],
    "gothita": [
        "哥德寶寶",
        "e1yccf0c1d",
        "2泰寄",
        "恃糗窮",
        "石gdpd缽倫餮蕙",
        "石哥德竊竊"
    ],
    "gothitelle": [
        "哥德小姐"
    ],
    "gothorita": [
        "哥德小童"
    ],
    "gourgeist": [
        "南瓜怪人"
    ],
    "granbull": [
        "布魯皇"
    ],
    "grapploct": [
        "八爪武師"
    ],
    "graveler": [
        "隆隆石"
    ],
    "greedent": [
        "藏飽栗鼠"
    ],
    "greninja": [
        "甲賀忍蛙"
    ],
    "grimer": [
        "臭泥"
    ],
    "grimmsnarl": [
        "長毛巨魔"
    ],
    "grookey": [
        "敲音猴"
    ],
    "grotle": [
        "樹林龜"
    ],
    "groudon": [
        "固拉多"
    ],
    "grovyle": [
        "森林蜥蜴"
    ],
    "growlithe": [
        "卡蒂狗"
    ],
    "grubbin": [
        "強顎雞母蟲"
    ],
    "grumpig": [
        "噗噗豬"
    ],
    "gulpin": [
        "溶食獸"
    ],
    "gumshoos": [
        "貓鼬探長"
    ],
    "gurdurr": [
        "鐵骨土人",
        "鑷胎士人"
    ],
    "guzzlord": [
        "惡食大王"
    ],
    "gyarados": [
        "暴鯉龍",
        "暫鰲龍"
    ],
    "hakamo-o": [
        "鱗甲龍"
    ],
    "happiny": [
        "小福蛋"
    ],
    "hariyama": [
        "鐵掌力士"
    ],
    "hatenna": [
        "迷布莉姆"
    ],
    "hatterene": [
        "布莉姆溫"
    ],
    "hattrem": [
        "提布莉姆"
    ],
    "haunter": [
        "鬼斯通"
    ],
    "hawlucha": [
        "摔角鷹人"
    ],
    "haxorus": [
        "雙斧戰龍",
        "雛芝戰龍"
    ],
    "heatmor": [
        "熔蟻獸"
    ],
    "heatran": [
        "席多藍恩"
    ],
    "heliolisk": [
        "光電傘蜥"
    ],
    "helioptile": [
        "傘電蜥"
    ],
    "heracross": [
        "赫拉克羅斯"
    ],
    "herdier": [
        "哈約克"
    ],
    "hippopotas": [
        "沙河馬"
    ],
    "hippowdon": [
        "河馬獸",
        "泡馬猩"
    ],
    "hitmonchan": [
        "快拳郎",
        "怒拿郎"
    ],
    "hitmonlee": [
        "飛腿郎"
    ],
    "hitmontop": [
        "戰舞郎"
    ],
    "ho-oh": [
        "鳳王"
    ],
    "honchkrow": [
        "烏鴉頭頭"
    ],
    "honedge": [
        "獨劍鞘"
    ],
    "hoopa": [
        "胡帕"
    ],
    "hoothoot": [
        "咕咕",
        "咕昱"
    ],
    "hoppip": [
        "毽子草"
    ],
    "horsea": [
        "墨海馬"
    ],
    "houndoom": [
        "黑魯加"
    ],
    "houndour": [
        "戴魯比"
    ],
    "huntail": [
        "獵斑魚"
    ],
    "hydreigon": [
        "三首惡龍"
    ],
    "hypno": [
        "引夢貘人"
    ],
    "igglybuff": [
        "寶寶丁",
        "竊竊丁"
    ],
    "illumise": [
        "甜甜螢"
    ],
    "impidimp": [
        "搗蛋小妖"
    ],
    "incineroar": [
        "熾焰咆哮虎"
    ],
    "indeedee": [
        "愛管侍",
        "霞箊侍",
        "鰈箊侍"
    ],
    "infernape": [
        "烈焰猴"
    ],
    "inkay": [
        "好啦魷"
    ],
    "inteleon": [
        "千面避役"
    ],
    "ivysaur": [
        "妙蛙草",
        "姚蛙荔",
        "妙蛔茹"
    ],
    "jangmo-o": [
        "心鱗寶",
        "志鱗寮",
        "志鱗竅"
    ],
    "jellicent": [
        "胖嘟嘟",
        "胖啕嘿",
        "胖唰嘿",
        "胖噴嘩"
    ],
    "jigglypuff": [
        "胖丁"
    ],
    "jirachi": [
        "基拉祈"
    ],
    "jolteon": [
        "雷伊布",
        "震伊布",
        "留伊布"
    ],
    "joltik": [
        "電電蟲",
        "留白穴言f日田弓",
        "硒臣同一江春1f松虫虫",
        "甜雷岐e巨富看虫鹽",
        "和工哉臣一江1f目虫弓",
        "g弔ˊ甲ˊ呈琶"
    ],
    "jumpluff": [
        "毽子棉"
    ],
    "jynx": [
        "迷唇姐"
    ],
    "kabuto": [
        "化石盔"
    ],
    "kabutops": [
        "鐮刀盔",
        "鑠刀悄"
    ],
    "kadabra": [
        "勇基拉"
    ],
    "kakuna": [
        "鐵殼蛹"
    ],
    "kangaskhan": [
        "袋獸",
        "袋獻",
        "袋狂",
        "袋獵"
    ],
    "karrablast": [
        "蓋蓋蟲",
        "e01一壹盒焢",
        "3cd壹壹然",
        "23d壹壹無",
        "01益盒蜿",
        "01益盡蜿",
        "r2e益盒蜿"
    ],
    "kartana": [
        "紙御劍"
    ],
    "kecleon": [
        "變隱龍"
    ],
    "keldeo": [
        "凱路迪歐"
    ],
    "kingdra": [
        "刺龍王"
    ],
    "kingler": [
        "巨鉗蟹"
    ],
    "kirlia": [
        "奇魯莉安"
    ],
    "klang": [
        "齒輪組"
    ],
    "klefki": [
        "鑰圈兒",
        "鏑惜兒",
        "鏞國兒"
    ],
    "klink": [
        "齒輪兒"
    ],
    "klinklang": [
        "齒輪怪"
    ],
    "koffing": [
        "瓦斯彈"
    ],
    "komala": [
        "樹枕尾熊"
    ],
    "kommo-o": [
        "杖尾鱗甲龍"
    ],
    "krabby": [
        "大鉗蟹",
        "大鉛蠐"
    ],
    "kricketot": [
        "圓法師"
    ],
    "kricketune": [
        "音箱蟀"
    ],
    "krokorok": [
        "混混鱷",
        "白曰bˍ匕仁匕魚噩",
        "hhheg匕匕魚壺",
        "泌尾飾仁匕亡匕魚噩",
        "白白bˍ匕ˍ匕魚噩"
    ],
    "krookodile": [
        "流氓鱷"
    ],
    "kubfu": [
        "熊徒弟",
        "熔徒弘"
    ],
    "kyogre": [
        "蓋歐卡"
    ],
    "kyurem": [
        "酋雷姆"
    ],
    "lairon": [
        "可多拉"
    ],
    "lampent": [
        "燈火幽靈"
    ],
    "landorus": [
        "土地雲"
    ],
    "lanturn": [
        "電燈怪"
    ],
    "lapras": [
        "拉普拉斯",
        "拉普同苑拉斯",
        "捨普立苑拉斯",
        "拉普口酥拉斯"
    ],
    "larvesta": [
        "燃燒蟲"
    ],
    "larvitar": [
        "幼基拉斯"
    ],
    "latias": [
        "拉帝亞斯"
    ],
    "latios": [
        "拉帝歐斯"
    ],
    "leafeon": [
        "葉伊布",
        "蓁伊布"
    ],
    "leavanny": [
        "保母蟲"
    ],
    "ledian": [
        "安瓢蟲"
    ],
    "ledyba": [
        "芭瓢蟲"
    ],
    "lickilicky": [
        "大舌舔"
    ],
    "lickitung": [
        "大舌頭"
    ],
    "liepard": [
        "酷豹",
        "酷紅",
        "酷9",
        "酷系"
    ],
    "lileep": [
        "觸手百合"
    ],
    "lilligant": [
        "裙兒小姐"
    ],
    "lillipup": [
        "小約克"
    ],
    "linoone": [
        "直衝熊",
        "盲衝熔",
        "盲衝縛"
    ],
    "litleo": [
        "小獅獅"
    ],
    "litten": [
        "火斑喵"
    ],
    "litwick": [
        "燭光靈",
        "燭兆鑑"
    ],
    "lombre": [
        "蓮帽小童"
    ],
    "lopunny": [
        "長耳兔"
    ],
    "lotad": [
        "蓮葉童子"
    ],
    "loudred": [
        "吼爆彈"
    ],
    "lucario": [
        "路卡利歐"
    ],
    "ludicolo": [
        "樂天河童"
    ],
    "lugia": [
        "洛奇亞"
    ],
    "lumineon": [
        "霓虹魚"
    ],
    "lunala": [
        "露奈雅拉"
    ],
    "lunatone": [
        "月石"
    ],
    "lurantis": [
        "蘭螳花"
    ],
    "luvdisc": [
        "愛心魚"
    ],
    "luxio": [
        "勒克貓"
    ],
    "luxray": [
        "倫琴貓",
        "倫誼貔",
        "倫談貔",
        "倫諸貔",
        "倫調貔"
    ],
    "lycanroc": [
        "鬃岩狼人",
        "鬆岷猴人"
    ],
    "machamp": [
        "怪力"
    ],
    "machoke": [
        "豪力",
        "寓力",
        "視力",
        "容力",
        "家力"
    ],
    "machop": [
        "腕力",
        "脕力"
    ],
    "magby": [
        "鴨嘴寶寶",
        "鴨嘴竊竊"
    ],
    "magcargo": [
        "熔岩蝸牛"
    ],
    "magearna": [
        "瑪機雅娜"
    ],
    "magikarp": [
        "鯉魚王"
    ],
    "magmar": [
        "鴨嘴火獸"
    ],
    "magmortar": [
        "鴨嘴炎獸",
        "聊嘴災獵"
    ],
    "magnemite": [
        "小磁怪"
    ],
    "magneton": [
        "三合一磁怪"
    ],
    "magnezone": [
        "自爆磁怪"
    ],
    "makuhita": [
        "幕下力士"
    ],
    "malamar": [
        "烏賊王"
    ],
    "mamoswine": [
        "象牙豬"
    ],
    "manaphy": [
        "瑪納霏"
    ],
    "mandibuzz": [
        "禿鷹娜"
    ],
    "manectric": [
        "雷電獸"
    ],
    "mankey": [
        "猴怪"
    ],
    "mantine": [
        "巨翅飛魚"
    ],
    "mantyke": [
        "小球飛魚"
    ],
    "maractus": [
        "沙鈴仙人掌"
    ],
    "mareanie": [
        "好壞星"
    ],
    "mareep": [
        "咩利羊"
    ],
    "marill": [
        "瑪力露"
    ],
    "marowak": [
        "嘎啦嘎啦"
    ],
    "marshadow": [
        "瑪夏多"
    ],
    "marshtomp": [
        "沼躍魚"
    ],
    "masquerain": [
        "雨翅蛾"
    ],
    "mawile": [
        "大嘴娃"
    ],
    "medicham": [
        "恰雷姆"
    ],
    "meditite": [
        "瑪沙那"
    ],
    "meganium": [
        "大竺葵"
    ],
    "melmetal": [
        "美錄梅塔"
    ],
    "meloetta": [
        "美洛耶塔"
    ],
    "meltan": [
        "美錄坦"
    ],
    "meowstic": [
        "超能妙喵"
    ],
    "meowth": [
        "喵喵",
        "嗩嘀",
        "噁嗩",
        "嗎嗩",
        "嗤嗩"
    ],
    "mesprit": [
        "艾姆利多"
    ],
    "metagross": [
        "巨金怪"
    ],
    "metang": [
        "金屬怪"
    ],
    "metapod": [
        "鐵甲蛹",
        "鑷甲蝴",
        "鐵申蝌"
    ],
    "mew": [
        "夢幻"
    ],
    "mewtwo": [
        "超夢"
    ],
    "mienfoo": [
        "功夫鼬"
    ],
    "mienshao": [
        "師父鼬"
    ],
    "mightyena": [
        "大狼犬"
    ],
    "milcery": [
        "小仙奶"
    ],
    "milotic": [
        "美納斯"
    ],
    "miltank": [
        "大奶罐"
    ],
    "mime-jr": [
        "魔尼尼"
    ],
    "mimikyu": [
        "謎擬Ｑ",
        "誹攜q"
    ],
    "minccino": [
        "泡沫栗鼠"
    ],
    "minior": [
        "小隕星"
    ],
    "minun": [
        "負電拍拍"
    ],
    "misdreavus": [
        "夢妖"
    ],
    "mismagius": [
        "夢妖魔"
    ],
    "moltres": [
        "火焰鳥",
        "炎焰山"
    ],
    "monferno": [
        "猛火猴"
    ],
    "morelull": [
        "睡睡菇"
    ],
    "morgrem": [
        "詐唬魔"
    ],
    "morpeko": [
        "莫魯貝可"
    ],
    "mothim": [
        "紳士蛾"
    ],
    "mr-mime": [
        "魔牆人偶"
    ],
    "mr-rime": [
        "踏冰人偶"
    ],
    "mudbray": [
        "泥驢仔"
    ],
    "mudkip": [
        "水躍魚"
    ],
    "mudsdale": [
        "重泥挽馬"
    ],
    "muk": [
        "臭臭泥"
    ],
    "munchlax": [
        "小卡比獸"
    ],
    "munna": [
        "食夢夢",
        "食藝蓼",
        "呂亞亞艮安安",
        "吵亞時艮安定"
    ],
    "murkrow": [
        "黑暗鴉"
    ],
    "musharna": [
        "夢夢蝕",
        "蔣夢蚩"
    ],
    "naganadel": [
        "四顎針龍"
    ],
    "natu": [
        "天然雀",
        "天焢霓"
    ],
    "necrozma": [
        "奈克洛茲瑪"
    ],
    "nickit": [
        "偷兒狐"
    ],
    "nidoking": [
        "尼多王"
    ],
    "nidoqueen": [
        "尼多后"
    ],
    "nidoran-f": [
        "尼多蘭"
    ],
    "nidoran-m": [
        "尼多朗"
    ],
    "nidorina": [
        "尼多娜"
    ],
    "nidorino": [
        "尼多力諾"
    ],
    "nihilego": [
        "虛吾伊德"
    ],
    "nincada": [
        "土居忍士"
    ],
    "ninetales": [
        "九尾",
        "九屋",
        "九屏"
    ],
    "ninjask": [
        "鐵面忍者"
    ],
    "noctowl": [
        "貓頭夜鷹"
    ],
    "noibat": [
        "嗡蝠",
        "嗡蝙",
        "eek回",
        "噴蝗",
        "嚙蝙",
        "嗣蝠"
    ],
    "noivern": [
        "音波龍"
    ],
    "nosepass": [
        "朝北鼻"
    ],
    "numel": [
        "呆火駝"
    ],
    "nuzleaf": [
        "長鼻葉"
    ],
    "obstagoon": [
        "堵攔熊",
        "埕攔無",
        "埕攔炳"
    ],
    "octillery": [
        "章魚桶"
    ],
    "oddish": [
        "走路草"
    ],
    "omanyte": [
        "菊石獸",
        "蒙石獵",
        "蒙石獠"
    ],
    "omastar": [
        "多刺菊石獸"
    ],
    "onix": [
        "大岩蛇"
    ],
    "oranguru": [
        "智揮猩",
        "習擇猩"
    ],
    "orbeetle": [
        "以歐路普"
    ],
    "oricorio": [
        "花舞鳥"
    ],
    "oshawott": [
        "水水獺"
    ],
    "pachirisu": [
        "帕奇利茲"
    ],
    "palkia": [
        "帕路奇亞"
    ],
    "palossand": [
        "噬沙堡爺",
        "噸泰堡董"
    ],
    "palpitoad": [
        "藍蟾蜍",
        "藍蟻蜒"
    ],
    "pancham": [
        "頑皮熊貓",
        "頑皺貔"
    ],
    "pangoro": [
        "流氓熊貓",
        "流氏腿貔"
    ],
    "panpour": [
        "冷水猴"
    ],
    "pansage": [
        "花椰猴"
    ],
    "pansear": [
        "爆香猴"
    ],
    "paras": [
        "派拉斯"
    ],
    "parasect": [
        "派拉斯特"
    ],
    "passimian": [
        "投擲猴"
    ],
    "patrat": [
        "探探鼠"
    ],
    "pawniard": [
        "駒刀小兵"
    ],
    "pelipper": [
        "大嘴鷗"
    ],
    "perrserker": [
        "喵頭目"
    ],
    "persian": [
        "貓老大"
    ],
    "petilil": [
        "百合根娃娃"
    ],
    "phanpy": [
        "小小象"
    ],
    "phantump": [
        "小木靈"
    ],
    "pheromosa": [
        "費洛美螂"
    ],
    "phione": [
        "霏歐納"
    ],
    "pichu": [
        "皮丘",
        "品丘",
        "戎丘",
        "戍丘",
        "丘"
    ],
    "pidgeot": [
        "大比鳥"
    ],
    "pidgeotto": [
        "比比鳥"
    ],
    "pidgey": [
        "波波"
    ],
    "pidove": [
        "豆豆鴿"
    ],
    "pignite": [
        "炒炒豬"
    ],
    "pikachu": [
        "皮卡丘"
    ],
    "pikipek": [
        "小篤兒"
    ],
    "piloswine": [
        "長毛豬"
    ],
    "pincurchin": [
        "啪嚓海膽",
        "呣噪海腿",
        "嗝噯海腿",
        "嗝噯海騰",
        "呣嚏海膳",
        "咖嘸海膦",
        "咄嘸海膦",
        "咂嘸海膦",
        "咄嘸海膊",
        "呣噥海膦",
        "咂嘟海贊"
    ],
    "pineco": [
        "榛果球"
    ],
    "pinsir": [
        "凱羅斯"
    ],
    "piplup": [
        "波加曼"
    ],
    "plusle": [
        "正電拍拍"
    ],
    "poipole": [
        "毒貝比"
    ],
    "politoed": [
        "蚊香蛙皇"
    ],
    "poliwag": [
        "蚊香蝌蚪",
        "蚜昌蝟蚓"
    ],
    "poliwhirl": [
        "蚊香君"
    ],
    "poliwrath": [
        "蚊香泳士",
        "蚜昂涼士"
    ],
    "polteageist": [
        "怖思壺"
    ],
    "ponyta": [
        "小火馬"
    ],
    "poochyena": [
        "土狼犬"
    ],
    "popplio": [
        "球球海獅"
    ],
    "porygon": [
        "多邊獸",
        "多選狂",
        "多選獸"
    ],
    "porygon-z": [
        "多邊獸Ｚ",
        "多遼獵z",
        "多選獸z",
        "多邊獵z",
        "字s細棍多遼獸z"
    ],
    "porygon2": [
        "多邊獸２",
        "多遼獸",
        "多遼獵",
        "多邊獵",
        "多選獸",
        "多選猴",
        "多邊獸"
    ],
    "primarina": [
        "西獅海壬"
    ],
    "primeape": [
        "火爆猴"
    ],
    "prinplup": [
        "波皇子"
    ],
    "probopass": [
        "大朝北鼻"
    ],
    "psyduck": [
        "可達鴨"
    ],
    "pumpkaboo": [
        "南瓜精"
    ],
    "pupitar": [
        "沙基拉斯"
    ],
    "purrloin": [
        "扒手貓",
        "扑手貔"
    ],
    "purugly": [
        "東施喵"
    ],
    "pyroar": [
        "火炎獅"
    ],
    "pyukumuku": [
        "拳海參"
    ],
    "quagsire": [
        "沼王",
        "3一口一"
    ],
    "quilava": [
        "火岩鼠"
    ],
    "quilladin": [
        "胖胖哈力"
    ],
    "qwilfish": [
        "千針魚"
    ],
    "raboot": [
        "騰蹴小將"
    ],
    "raichu": [
        "雷丘",
        "雷匡",
        "留丘"
    ],
    "raikou": [
        "雷公"
    ],
    "ralts": [
        "拉魯拉絲",
        "控魯拇絡"
    ],
    "rampardos": [
        "戰槌龍"
    ],
    "rapidash": [
        "烈焰馬",
        "燜焚馬"
    ],
    "raticate": [
        "拉達"
    ],
    "rattata": [
        "小拉達"
    ],
    "rayquaza": [
        "烈空坐"
    ],
    "regice": [
        "雷吉艾斯"
    ],
    "regidrago": [
        "雷吉鐸拉戈"
    ],
    "regieleki": [
        "雷吉艾勒奇",
        "雷吐艾動安"
    ],
    "regigigas": [
        "雷吉奇卡斯"
    ],
    "regirock": [
        "雷吉洛克"
    ],
    "registeel": [
        "雷吉斯奇魯"
    ],
    "relicanth": [
        "古空棘魚"
    ],
    "remoraid": [
        "鐵砲魚",
        "鑷炮魚"
    ],
    "reshiram": [
        "萊希拉姆"
    ],
    "reuniclus": [
        "人造細胞卵"
    ],
    "rhydon": [
        "鑽角犀獸"
    ],
    "rhyhorn": [
        "獨角犀牛"
    ],
    "rhyperior": [
        "超甲狂犀"
    ],
    "ribombee": [
        "蝶結萌虻"
    ],
    "rillaboom": [
        "轟擂金剛猩"
    ],
    "riolu": [
        "利歐路"
    ],
    "rockruff": [
        "岩狗狗",
        "岩猛猛"
    ],
    "roggenrola": [
        "石丸子"
    ],
    "rolycoly": [
        "小炭仔"
    ],
    "rookidee": [
        "稚山雀",
        "稗山圩"
    ],
    "roselia": [
        "毒薔薇",
        "毒經阿旌齣鐵",
        "至草芊沐孚畦微",
        "垂華陓孬齡襟",
        "土苑2沙孜畦徽"
    ],
    "roserade": [
        "羅絲雷朵"
    ],
    "rotom": [
        "洛托姆"
    ],
    "rowlet": [
        "木木梟"
    ],
    "rufflet": [
        "毛頭小鷹"
    ],
    "runerigus": [
        "死神板"
    ],
    "sableye": [
        "勾魂眼",
        "包魎眼"
    ],
    "salamence": [
        "暴飛龍"
    ],
    "salandit": [
        "夜盜火蜥"
    ],
    "salazzle": [
        "焰后蜥"
    ],
    "samurott": [
        "大劍鬼"
    ],
    "sandaconda": [
        "沙螺蟒",
        "泰螺螳"
    ],
    "sandile": [
        "黑眼鱷",
        "熊眼鱺"
    ],
    "sandshrew": [
        "穿山鼠"
    ],
    "sandslash": [
        "穿山王"
    ],
    "sandygast": [
        "沙丘娃"
    ],
    "sawk": [
        "打擊鬼"
    ],
    "sawsbuck": [
        "萌芽鹿"
    ],
    "scatterbug": [
        "粉蝶蟲"
    ],
    "sceptile": [
        "蜥蜴王"
    ],
    "scizor": [
        "巨鉗螳螂",
        "旦鉀螳螈"
    ],
    "scolipede": [
        "蜈蚣王",
        "蛻蛆王",
        "蝴蛆王",
        "蝪蚊王"
    ],
    "scorbunny": [
        "炎兔兒"
    ],
    "scrafty": [
        "頭巾混混",
        "百三貝三昱頁巾此5此e",
        "白渾況昱頁巾仁匕",
        "日巳旦昱頁巾水e沙e"
    ],
    "scraggy": [
        "滑滑小子"
    ],
    "scyther": [
        "飛天螳螂"
    ],
    "seadra": [
        "海刺龍"
    ],
    "seaking": [
        "金魚王"
    ],
    "sealeo": [
        "海魔獅",
        "海廩猛"
    ],
    "seedot": [
        "橡實果",
        "極寄果",
        "機寶果",
        "標宿果"
    ],
    "seel": [
        "小海獅"
    ],
    "seismitoad": [
        "蟾蜍王",
        "蝎蜒王"
    ],
    "sentret": [
        "尾立"
    ],
    "serperior": [
        "君主蛇"
    ],
    "servine": [
        "青藤蛇"
    ],
    "seviper": [
        "飯匙蛇"
    ],
    "sewaddle": [
        "蟲寶包"
    ],
    "sharpedo": [
        "巨牙鯊",
        "早牙鰓",
        "旦牙遊"
    ],
    "shaymin": [
        "謝米"
    ],
    "shedinja": [
        "脫殼忍者"
    ],
    "shelgon": [
        "甲殼龍"
    ],
    "shellder": [
        "大舌貝"
    ],
    "shellos": [
        "無殼海兔"
    ],
    "shelmet": [
        "小嘴蝸"
    ],
    "shieldon": [
        "盾甲龍"
    ],
    "shiftry": [
        "狡猾天狗"
    ],
    "shiinotic": [
        "燈罩夜菇"
    ],
    "shinx": [
        "小貓怪"
    ],
    "shroomish": [
        "蘑蘑菇"
    ],
    "shuckle": [
        "壺壺",
        "ee",
        "2e",
        "三玖三三七旦七旦",
        "esese",
        "三下三七旦七旦"
    ],
    "shuppet": [
        "怨影娃娃"
    ],
    "sigilyph": [
        "象徵鳥",
        "細徵鴻"
    ],
    "silcoon": [
        "甲殼繭"
    ],
    "silicobra": [
        "沙包蛇"
    ],
    "silvally": [
        "銀伴戰獸",
        "銨余戰狂"
    ],
    "simipour": [
        "冷水猿"
    ],
    "simisage": [
        "花椰猿"
    ],
    "simisear": [
        "爆香猿"
    ],
    "sinistea": [
        "來悲茶",
        "來意苦",
        "來愁苦"
    ],
    "sirfetch-d": [
        "蔥遊兵"
    ],
    "sizzlipede": [
        "燒火蚣"
    ],
    "skarmory": [
        "盔甲鳥",
        "益甲火",
        "婉申火",
        "岫甲火"
    ],
    "skiddo": [
        "坐騎小羊"
    ],
    "skiploom": [
        "毽子花"
    ],
    "skitty": [
        "向尾喵"
    ],
    "skorupi": [
        "鉗尾蠍",
        "詔屏蠍",
        "鉗屏蟹",
        "鉛屋蠍"
    ],
    "skrelp": [
        "垃垃藻",
        "坷坵藻"
    ],
    "skuntank": [
        "坦克臭鼬"
    ],
    "skwovet": [
        "貪心栗鼠",
        "畢水品員匕栗e嵐"
    ],
    "slaking": [
        "請假王"
    ],
    "slakoth": [
        "懶人獺"
    ],
    "sliggoo": [
        "黏美兒"
    ],
    "slowbro": [
        "呆殼獸",
        "呆皿獵",
        "呆盟猴"
    ],
    "slowking": [
        "呆呆王",
        "吳呆壯",
        "吳吳王",
        "吳采王"
    ],
    "slowpoke": [
        "呆呆獸",
        "呆采獺",
        "吻吻獵"
    ],
    "slugma": [
        "熔岩蟲"
    ],
    "slurpuff": [
        "胖甜妮"
    ],
    "smeargle": [
        "圖圖犬"
    ],
    "smoochum": [
        "迷唇娃"
    ],
    "sneasel": [
        "狃拉",
        "狂拉",
        "狄拉"
    ],
    "snivy": [
        "藤藤蛇"
    ],
    "snom": [
        "雪吞蟲",
        "雷吞蟬"
    ],
    "snorlax": [
        "卡比獸"
    ],
    "snorunt": [
        "雪童子"
    ],
    "snover": [
        "雪笠怪",
        "雲笙怪",
        "世元巾ˍ上11圣",
        "世元巾上11圣",
        "7元小上11ˍ圣",
        "4三上1咋圣",
        "2元小上11ˍ圣",
        "sez2d豆二臺上又ˉ圣"
    ],
    "snubbull": [
        "布魯"
    ],
    "sobble": [
        "淚眼蜥",
        "涯眼蜇"
    ],
    "solgaleo": [
        "索爾迦雷歐"
    ],
    "solosis": [
        "單卵細胞球"
    ],
    "solrock": [
        "太陽岩"
    ],
    "spearow": [
        "烈雀"
    ],
    "spectrier": [
        "靈幽馬",
        "噩國馬"
    ],
    "spewpa": [
        "粉蝶蛹"
    ],
    "spheal": [
        "海豹球"
    ],
    "spinarak": [
        "圓絲蛛"
    ],
    "spinda": [
        "晃晃斑"
    ],
    "spiritomb": [
        "花岩怪",
        "花岱悸"
    ],
    "spoink": [
        "跳跳豬"
    ],
    "spritzee": [
        "粉香香",
        "粉昂盾"
    ],
    "squirtle": [
        "傑尼龜"
    ],
    "stakataka": [
        "壘磊石"
    ],
    "stantler": [
        "驚角鹿"
    ],
    "staraptor": [
        "姆克鷹"
    ],
    "staravia": [
        "姆克鳥"
    ],
    "starly": [
        "姆克兒"
    ],
    "starmie": [
        "寶石海星"
    ],
    "staryu": [
        "海星星"
    ],
    "steelix": [
        "大鋼蛇"
    ],
    "steenee": [
        "甜舞妮"
    ],
    "stonjourner": [
        "巨石丁",
        "早石"
    ],
    "stoutland": [
        "長毛狗"
    ],
    "stufful": [
        "童偶熊",
        "臺偶鰤"
    ],
    "stunfisk": [
        "泥巴魚"
    ],
    "stunky": [
        "臭鼬噗"
    ],
    "sudowoodo": [
        "樹才怪"
    ],
    "suicune": [
        "水君"
    ],
    "sunflora": [
        "向日花怪"
    ],
    "sunkern": [
        "向日種子"
    ],
    "surskit": [
        "溜溜糖球"
    ],
    "swablu": [
        "青綿鳥",
        "袁綿火"
    ],
    "swadloon": [
        "寶包繭"
    ],
    "swalot": [
        "吞食獸"
    ],
    "swampert": [
        "巨沼怪"
    ],
    "swanna": [
        "舞天鵝"
    ],
    "swellow": [
        "大王燕"
    ],
    "swinub": [
        "小山豬"
    ],
    "swirlix": [
        "綿綿泡芙"
    ],
    "swoobat": [
        "心蝙蝠",
        "心蝗蝙",
        "志蝶蝠",
        "志蠔蝙",
        "心蝶蝙"
    ],
    "sylveon": [
        "仙子伊布"
    ],
    "taillow": [
        "傲骨燕"
    ],
    "talonflame": [
        "烈箭鷹",
        "烤節驚",
        "刻筷烊箭應"
    ],
    "tangela": [
        "蔓藤怪"
    ],
    "tangrowth": [
        "巨蔓藤",
        "早蔓蒯"
    ],
    "tapu-bulu": [
        "卡璞・哞哞"
    ],
    "tapu-fini": [
        "卡璞・鰭鰭"
    ],
    "tapu-koko": [
        "卡璞・鳴鳴"
    ],
    "tapu-lele": [
        "卡璞・蝶蝶"
    ],
    "tauros": [
        "肯泰羅"
    ],
    "teddiursa": [
        "熊寶寶"
    ],
    "tentacool": [
        "瑪瑙水母"
    ],
    "tentacruel": [
        "毒刺水母"
    ],
    "tepig": [
        "暖暖豬"
    ],
    "terrakion": [
        "代拉基翁"
    ],
    "thievul": [
        "狐大盜"
    ],
    "throh": [
        "投摔鬼"
    ],
    "thundurus": [
        "雷電雲"
    ],
    "thwackey": [
        "啪咚猴",
        "呣唯猴",
        "咂咥猴",
        "咄咳猴"
    ],
    "timburr": [
        "搬運小匠"
    ],
    "tirtouga": [
        "原蓋海龜"
    ],
    "togedemaru": [
        "托戈德瑪爾"
    ],
    "togekiss": [
        "波克基斯"
    ],
    "togepi": [
        "波克比"
    ],
    "togetic": [
        "波克基古"
    ],
    "torchic": [
        "火稚雞"
    ],
    "torkoal": [
        "煤炭龜",
        "煤炤鑷",
        "煜炭罷",
        "煜戾龜",
        "煜炭魔",
        "煜戾融"
    ],
    "tornadus": [
        "龍捲雲"
    ],
    "torracat": [
        "炎熱喵"
    ],
    "torterra": [
        "土台龜"
    ],
    "totodile": [
        "小鋸鱷"
    ],
    "toucannon": [
        "銃嘴大鳥"
    ],
    "toxapex": [
        "超壞星"
    ],
    "toxel": [
        "毒電嬰",
        "誼霞頌作y門共",
        "丑明貝貝抑田",
        "每託貝貝琢田夾"
    ],
    "toxicroak": [
        "毒骷蛙"
    ],
    "toxtricity": [
        "顫弦蠑螈"
    ],
    "tranquill": [
        "咕咕鴿",
        "咕咕鵲",
        "咕咕鵜"
    ],
    "trapinch": [
        "大顎蟻"
    ],
    "treecko": [
        "木守宮"
    ],
    "trevenant": [
        "朽木妖"
    ],
    "tropius": [
        "熱帶龍"
    ],
    "trubbish": [
        "破破袋"
    ],
    "trumbeak": [
        "喇叭啄鳥"
    ],
    "tsareena": [
        "甜冷美后"
    ],
    "turtonator": [
        "爆焰龜獸"
    ],
    "turtwig": [
        "草苗龜"
    ],
    "tympole": [
        "圓蝌蚪",
        "圓蝴蚓"
    ],
    "tynamo": [
        "麻麻小魚"
    ],
    "type-null": [
        "屬性：空"
    ],
    "typhlosion": [
        "火爆獸"
    ],
    "tyranitar": [
        "班基拉斯"
    ],
    "tyrantrum": [
        "怪顎龍"
    ],
    "tyrogue": [
        "無畏小子"
    ],
    "tyrunt": [
        "寶寶暴龍",
        "窗寧暫龍",
        "竊竊暫龍"
    ],
    "umbreon": [
        "月亮伊布"
    ],
    "unfezant": [
        "高傲雉雞"
    ],
    "unown": [
        "未知圖騰"
    ],
    "ursaring": [
        "圈圈熊"
    ],
    "urshifu": [
        "武道熊師"
    ],
    "uxie": [
        "由克希"
    ],
    "vanillish": [
        "多多冰"
    ],
    "vanillite": [
        "迷你冰"
    ],
    "vanilluxe": [
        "雙倍多多冰"
    ],
    "vaporeon": [
        "水伊布"
    ],
    "venipede": [
        "百足蜈蚣"
    ],
    "venomoth": [
        "摩魯蛾"
    ],
    "venonat": [
        "毛球"
    ],
    "venusaur": [
        "妙蛙花"
    ],
    "vespiquen": [
        "蜂女王"
    ],
    "vibrava": [
        "超音波幼蟲"
    ],
    "victini": [
        "比克提尼"
    ],
    "victreebel": [
        "大食花"
    ],
    "vigoroth": [
        "過動猿"
    ],
    "vikavolt": [
        "鍬農砲蟲"
    ],
    "vileplume": [
        "霸王花"
    ],
    "virizion": [
        "畢力吉翁"
    ],
    "vivillon": [
        "彩粉蝶"
    ],
    "volbeat": [
        "電螢蟲"
    ],
    "volcanion": [
        "波爾凱尼恩"
    ],
    "volcarona": [
        "火神蛾",
        "灰神蜓",
        "火袍蛻"
    ],
    "voltorb": [
        "霹靂電球"
    ],
    "vullaby": [
        "禿鷹丫頭"
    ],
    "vulpix": [
        "六尾",
        "六屋",
        "六屏"
    ],
    "wailmer": [
        "吼吼鯨",
        "咄告鯨",
        "咄呱鰲",
        "吼呱箕",
        "吼呱鰲"
    ],
    "wailord": [
        "吼鯨王",
        "咄贄王"
    ],
    "walrein": [
        "帝牙海獅"
    ],
    "wartortle": [
        "卡咪龜"
    ],
    "watchog": [
        "步哨鼠"
    ],
    "weavile": [
        "瑪狃拉",
        "塞狂拉",
        "璞狂拉",
        "瑰狂拉",
        "塞狩拉",
        "瑪狂拉"
    ],
    "weedle": [
        "獨角蟲"
    ],
    "weepinbell": [
        "口呆花"
    ],
    "weezing": [
        "雙彈瓦斯"
    ],
    "whimsicott": [
        "風妖精"
    ],
    "whirlipede": [
        "車輪毬"
    ],
    "whiscash": [
        "鯰魚王"
    ],
    "whismur": [
        "咕妞妞"
    ],
    "wigglytuff": [
        "胖可丁"
    ],
    "wimpod": [
        "膽小蟲",
        "膊小蟬"
    ],
    "wingull": [
        "長翅鷗",
        "長娼臧"
    ],
    "wishiwashi": [
        "弱丁魚"
    ],
    "wobbuffet": [
        "果然翁"
    ],
    "woobat": [
        "滾滾蝙蝠",
        "滾滾蝗蝙",
        "滾滾蝶蝙"
    ],
    "wooloo": [
        "毛辮羊",
        "毛辭芊",
        "毛辯芊"
    ],
    "wooper": [
        "烏波",
        "烏淺"
    ],
    "wormadam": [
        "結草貴婦"
    ],
    "wurmple": [
        "刺尾蟲"
    ],
    "wynaut": [
        "小果然"
    ],
    "xatu": [
        "天然鳥"
    ],
    "xerneas": [
        "哲爾尼亞斯"
    ],
    "xurkitree": [
        "電束木"
    ],
    "yamask": [
        "哭哭面具"
    ],
    "yamper": [
        "來電汪"
    ],
    "yanma": [
        "蜻蜻蜓"
    ],
    "yanmega": [
        "遠古巨蜓"
    ],
    "yungoos": [
        "貓鼬少"
    ],
    "yveltal": [
        "伊裴爾塔爾"
    ],
    "zacian": [
        "蒼響",
        "莖纓1",
        "基縹薪響",
        "莓縹5屄莪",
        "莓鏂屄莪"
    ],
    "zamazenta": [
        "藏瑪然特"
    ],
    "zangoose": [
        "貓鼬斬"
    ],
    "zapdos": [
        "閃電鳥"
    ],
    "zarude": [
        "薩戮德"
    ],
    "zebstrika": [
        "雷電斑馬"
    ],
    "zekrom": [
        "捷克羅姆"
    ],
    "zeraora": [
        "捷拉奥拉"
    ],
    "zigzagoon": [
        "蛇紋熊",
        "蛇級餾"
    ],
    "zoroark": [
        "索羅亞克"
    ],
    "zorua": [
        "索羅亞"
    ],
    "zubat": [
        "超音蝠",
        "超咐蝟"
    ],
    "zweilous": [
        "雙首暴龍",
        "雛苑暴龍",
        "雛首暫龍"
    ],
    "zygarde": [
        "基格爾德"
    ]
}
