﻿{
    "abomasnow": [
        "ユキノオー"
    ],
    "abra": [
        "ケーシィ",
        "ケクーシイ"
    ],
    "absol": [
        "アブソル"
    ],
    "accelgor": [
        "アギルダー"
    ],
    "aegislash": [
        "ギルガルド"
    ],
    "aerodactyl": [
        "プテラ"
    ],
    "aggron": [
        "ボスゴドラ"
    ],
    "aipom": [
        "エイパム"
    ],
    "alakazam": [
        "フーディン"
    ],
    "alcremie": [
        "マホイップ"
    ],
    "alomomola": [
        "ママンボウ"
    ],
    "altaria": [
        "チルタリス"
    ],
    "amaura": [
        "アマルス"
    ],
    "ambipom": [
        "エテボース"
    ],
    "amoonguss": [
        "モロバレル"
    ],
    "ampharos": [
        "デンリュウ"
    ],
    "anorith": [
        "アノプス",
        "ァフス"
    ],
    "appletun": [
        "タルップル"
    ],
    "applin": [
        "カジッチュ"
    ],
    "araquanid": [
        "オニシズクモ"
    ],
    "arbok": [
        "アーボック"
    ],
    "arcanine": [
        "ウインディ"
    ],
    "arceus": [
        "アルセウス"
    ],
    "archen": [
        "アーケン"
    ],
    "archeops": [
        "アーケオス"
    ],
    "arctovish": [
        "ウオチルドン"
    ],
    "arctozolt": [
        "パッチルドン"
    ],
    "ariados": [
        "アリアドス"
    ],
    "armaldo": [
        "アーマルド"
    ],
    "aromatisse": [
        "フレフワン"
    ],
    "aron": [
        "ココドラ"
    ],
    "arrokuda": [
        "サシカマス"
    ],
    "articuno": [
        "フリーザー"
    ],
    "audino": [
        "タブンネ"
    ],
    "aurorus": [
        "アマルルガ"
    ],
    "avalugg": [
        "クレベース"
    ],
    "axew": [
        "キバゴ",
        "キハハコ"
    ],
    "azelf": [
        "アグノム"
    ],
    "azumarill": [
        "マリルリ"
    ],
    "azurill": [
        "ルリリ"
    ],
    "bagon": [
        "タツベイ"
    ],
    "baltoy": [
        "ヤジロン"
    ],
    "banette": [
        "ジュペッタ"
    ],
    "barbaracle": [
        "ガメノデス"
    ],
    "barboach": [
        "ドジョッチ"
    ],
    "barraskewda": [
        "カマスジョー"
    ],
    "basculin": [
        "バスラオ"
    ],
    "bastiodon": [
        "トリデプス"
    ],
    "bayleef": [
        "ベイリーフ"
    ],
    "beartic": [
        "ツンベアー"
    ],
    "beautifly": [
        "アゲハント"
    ],
    "beedrill": [
        "スピアー"
    ],
    "beheeyem": [
        "オーベム"
    ],
    "beldum": [
        "ダンバル"
    ],
    "bellossom": [
        "キレイハナ"
    ],
    "bellsprout": [
        "マダツボミ"
    ],
    "bergmite": [
        "カチコール"
    ],
    "bewear": [
        "キテルグマ"
    ],
    "bibarel": [
        "ビーダル"
    ],
    "bidoof": [
        "ビッパ"
    ],
    "binacle": [
        "カメテテ"
    ],
    "bisharp": [
        "キリキザン"
    ],
    "blacephalon": [
        "ズガドーン"
    ],
    "blastoise": [
        "カメックス"
    ],
    "blaziken": [
        "バシャーモ"
    ],
    "blipbug": [
        "サッチムシ"
    ],
    "blissey": [
        "ハピナス"
    ],
    "blitzle": [
        "シママ"
    ],
    "boldore": [
        "ガントル"
    ],
    "boltund": [
        "パルスワン"
    ],
    "bonsly": [
        "ウソハチ"
    ],
    "bouffalant": [
        "バッフロン"
    ],
    "bounsweet": [
        "アマカジ"
    ],
    "braixen": [
        "テールナー"
    ],
    "braviary": [
        "ウォーグル"
    ],
    "breloom": [
        "キノガッサ"
    ],
    "brionne": [
        "オシャマリ"
    ],
    "bronzong": [
        "ドータクン",
        "トータタタクン"
    ],
    "bronzor": [
        "ドーミラー"
    ],
    "bruxish": [
        "ハギギシリ"
    ],
    "budew": [
        "スボミー"
    ],
    "buizel": [
        "ブイゼル"
    ],
    "bulbasaur": [
        "フシギダネ"
    ],
    "buneary": [
        "ミミロル"
    ],
    "bunnelby": [
        "ホルビー"
    ],
    "burmy": [
        "ミノムッチ"
    ],
    "butterfree": [
        "バタフリー"
    ],
    "buzzwole": [
        "マッシブーン"
    ],
    "cacnea": [
        "サボネア"
    ],
    "cacturne": [
        "ノクタス"
    ],
    "calyrex": [
        "バドレックス"
    ],
    "camerupt": [
        "バクーダ"
    ],
    "carbink": [
        "メレシー"
    ],
    "carkol": [
        "トロッゴン"
    ],
    "carnivine": [
        "マスキッパ"
    ],
    "carracosta": [
        "アバゴーラ"
    ],
    "carvanha": [
        "キバニア"
    ],
    "cascoon": [
        "マユルド"
    ],
    "castform": [
        "ポワルン"
    ],
    "caterpie": [
        "キャタピー"
    ],
    "celebi": [
        "セレビィ"
    ],
    "celesteela": [
        "テッカグヤ"
    ],
    "centiskorch": [
        "マルヤクデ"
    ],
    "chandelure": [
        "シャンデラ",
        "シヤンフテフラ"
    ],
    "chansey": [
        "ラッキー"
    ],
    "charizard": [
        "リザードン"
    ],
    "charjabug": [
        "デンヂムシ"
    ],
    "charmander": [
        "ヒトカゲ"
    ],
    "charmeleon": [
        "リザード"
    ],
    "chatot": [
        "ペラップ"
    ],
    "cherrim": [
        "チェリム"
    ],
    "cherubi": [
        "チェリンボ"
    ],
    "chesnaught": [
        "ブリガロン"
    ],
    "chespin": [
        "ハリマロン"
    ],
    "chewtle": [
        "カムカメ"
    ],
    "chikorita": [
        "チコリータ"
    ],
    "chimchar": [
        "ヒコザル"
    ],
    "chimecho": [
        "チリーン"
    ],
    "chinchou": [
        "チョンチー"
    ],
    "chingling": [
        "リーシャン"
    ],
    "ciccino": [
        "チラチーノ"
    ],
    "cinderace": [
        "エースバーン"
    ],
    "clamperl": [
        "パールル"
    ],
    "clauncher": [
        "ウデッポウ"
    ],
    "clawitzer": [
        "ブロスター"
    ],
    "claydol": [
        "ネンドール"
    ],
    "clefable": [
        "ピクシー"
    ],
    "clefairy": [
        "ピッピ"
    ],
    "cleffa": [
        "ピィ",
        "ヒイ",
        "ヒヒイ"
    ],
    "clobbopus": [
        "タタッコ"
    ],
    "cloyster": [
        "パルシェン"
    ],
    "coalossal": [
        "セキタンザン"
    ],
    "cobalion": [
        "コバルオン"
    ],
    "cofagrigus": [
        "デスカーン"
    ],
    "combee": [
        "ミツハニー",
        "ニウ八ニー",
        "ニウツウ八ニー",
        "ミウ八ー"
    ],
    "combusken": [
        "ワカシャモ"
    ],
    "comfey": [
        "キュワワー"
    ],
    "conkeldurr": [
        "ローブシン"
    ],
    "copperajah": [
        "ダイオウドウ"
    ],
    "corphish": [
        "ヘイガニ"
    ],
    "corsola": [
        "サニーゴ"
    ],
    "corviknight": [
        "アーマーガア"
    ],
    "corvisquire": [
        "アオガラス"
    ],
    "cosmoem": [
        "コスモウム"
    ],
    "cosmog": [
        "コスモッグ"
    ],
    "cottonee": [
        "モンメン"
    ],
    "crabominable": [
        "ケケンカニ"
    ],
    "crabrawler": [
        "マケンカニ"
    ],
    "cradily": [
        "ユレイドル"
    ],
    "cramorant": [
        "ウッウ"
    ],
    "cranidos": [
        "ズガイドス"
    ],
    "crawdaunt": [
        "シザリガー"
    ],
    "cresselia": [
        "クレセリア"
    ],
    "croagunk": [
        "グレッグル"
    ],
    "crobat": [
        "クロバット"
    ],
    "croconaw": [
        "アリゲイツ"
    ],
    "crustle": [
        "イワパレス"
    ],
    "cryogonal": [
        "フリージオ"
    ],
    "cubchoo": [
        "クマシュン"
    ],
    "cubone": [
        "カラカラ"
    ],
    "cufant": [
        "ゾウドウ"
    ],
    "cursola": [
        "サニゴーン"
    ],
    "cutiefly": [
        "アブリー"
    ],
    "cyndaquil": [
        "ヒノアラシ"
    ],
    "darkrai": [
        "ダークライ"
    ],
    "darmanitan": [
        "ヒヒダルマ"
    ],
    "dartrix": [
        "フクスロー"
    ],
    "darumaka": [
        "ダルマッカ"
    ],
    "decidueye": [
        "ジュナイパー"
    ],
    "dedenne": [
        "デデンネ"
    ],
    "deerling": [
        "シキジカ"
    ],
    "deino": [
        "モノズ"
    ],
    "delcatty": [
        "エネコロロ"
    ],
    "delibird": [
        "デリバード"
    ],
    "delphox": [
        "マフォクシー"
    ],
    "deoxys": [
        "デオキシス"
    ],
    "dewgong": [
        "ジュゴン"
    ],
    "dewott": [
        "フタチマル"
    ],
    "dewpider": [
        "シズクモ"
    ],
    "dhelmise": [
        "ダダリン"
    ],
    "dialga": [
        "ディアルガ"
    ],
    "diancie": [
        "ディアンシー"
    ],
    "diggersby": [
        "ホルード"
    ],
    "diglett": [
        "ディグダ"
    ],
    "ditto": [
        "メタモン"
    ],
    "dodrio": [
        "ドードリオ"
    ],
    "doduo": [
        "ドードー"
    ],
    "donphan": [
        "ドンファン"
    ],
    "dottler": [
        "レドームシ"
    ],
    "doublade": [
        "ニダンギル"
    ],
    "dracovish": [
        "ウオノラゴン"
    ],
    "dracozolt": [
        "パッチラゴン"
    ],
    "dragalge": [
        "ドラミドロ"
    ],
    "dragapult": [
        "ドラパルト"
    ],
    "dragonair": [
        "ハクリュー"
    ],
    "dragonite": [
        "カイリュー"
    ],
    "drakloak": [
        "ドロンチ"
    ],
    "drampa": [
        "ジジーロン"
    ],
    "drapion": [
        "ドラピオン",
        "トラヒヒヒオン"
    ],
    "dratini": [
        "ミニリュウ"
    ],
    "drednaw": [
        "カジリガメ"
    ],
    "dreepy": [
        "ドラメシヤ"
    ],
    "drifblim": [
        "フワライド"
    ],
    "drifloon": [
        "フワンテ"
    ],
    "drilbur": [
        "モグリュー"
    ],
    "drizzile": [
        "ジメレオン"
    ],
    "drowzee": [
        "スリープ"
    ],
    "druddigon": [
        "クリムガン"
    ],
    "dubwool": [
        "バイウールー"
    ],
    "ducklett": [
        "コアルヒー"
    ],
    "dugtrio": [
        "ダグトリオ"
    ],
    "dunsparce": [
        "ノコッチ"
    ],
    "duosion": [
        "ダブラン"
    ],
    "duraludon": [
        "ジュラルドン"
    ],
    "durant": [
        "アイアント"
    ],
    "dusclops": [
        "サマヨール"
    ],
    "dusknoir": [
        "ヨノワール"
    ],
    "duskull": [
        "ヨマワル"
    ],
    "dustox": [
        "ドクケイル"
    ],
    "dwebble": [
        "イシズマイ"
    ],
    "eelektrik": [
        "シビビール"
    ],
    "eelektross": [
        "シビルドン"
    ],
    "eevee": [
        "イーブイ"
    ],
    "eiscue": [
        "コオリッポ"
    ],
    "ekans": [
        "アーボ"
    ],
    "eldegoss": [
        "ワタシラガ"
    ],
    "electabuzz": [
        "エレブー"
    ],
    "electivire": [
        "エレキブル"
    ],
    "electrike": [
        "ラクライ"
    ],
    "electrode": [
        "マルマイン"
    ],
    "elekid": [
        "エレキッド"
    ],
    "elgyem": [
        "リグレー"
    ],
    "emboar": [
        "エンブオー"
    ],
    "emolga": [
        "エモンガ"
    ],
    "empoleon": [
        "エンペルト"
    ],
    "entei": [
        "エンテイ"
    ],
    "escavalier": [
        "シュバルゴ"
    ],
    "espeon": [
        "エーフィ"
    ],
    "espurr": [
        "ニャスパー"
    ],
    "eternatus": [
        "ムゲンダイナ"
    ],
    "excadrill": [
        "ドリュウズ"
    ],
    "exeggcute": [
        "タマタマ"
    ],
    "exeggutor": [
        "ナッシー"
    ],
    "exploud": [
        "バクオング"
    ],
    "falinks": [
        "タイレーツ"
    ],
    "farfetch-d": [
        "カモネギ"
    ],
    "fearow": [
        "オニドリル"
    ],
    "feebas": [
        "ヒンバス"
    ],
    "fennekin": [
        "フォッコ"
    ],
    "feraligatr": [
        "オーダイル"
    ],
    "ferroseed": [
        "テッシード"
    ],
    "ferrothorn": [
        "ナットレイ"
    ],
    "finneon": [
        "ケイコウオ"
    ],
    "flaaffy": [
        "モココ"
    ],
    "flabebe": [
        "フラベベ"
    ],
    "flapple": [
        "アップリュー"
    ],
    "flareon": [
        "ブースター"
    ],
    "fletchinder": [
        "ヒノヤコマ"
    ],
    "fletchling": [
        "ヤヤコマ"
    ],
    "floatzel": [
        "フローゼル"
    ],
    "floette": [
        "フラエッテ"
    ],
    "florges": [
        "フラージェス"
    ],
    "flygon": [
        "フライゴン"
    ],
    "fomantis": [
        "カリキリ"
    ],
    "foongus": [
        "タマゲタケ"
    ],
    "forretress": [
        "フォレトス"
    ],
    "fraxure": [
        "オノンド"
    ],
    "frillish": [
        "プルリル"
    ],
    "froakie": [
        "ケロマツ"
    ],
    "frogadier": [
        "ゲコガシラ"
    ],
    "froslass": [
        "ユキメノコ"
    ],
    "frosmoth": [
        "モスノウ"
    ],
    "furfrou": [
        "トリミアン"
    ],
    "furret": [
        "オオタチ"
    ],
    "gabite": [
        "ガバイト"
    ],
    "gallade": [
        "エルレイド"
    ],
    "galvantula": [
        "デンチュラ"
    ],
    "garbodor": [
        "ダストダス"
    ],
    "garchomp": [
        "ガブリアス"
    ],
    "gardevoir": [
        "サーナイト"
    ],
    "gastly": [
        "ゴース"
    ],
    "gastrodon": [
        "トリトドン"
    ],
    "genesect": [
        "ゲノセクト"
    ],
    "gengar": [
        "ゲンガー",
        "クンカカー"
    ],
    "geodude": [
        "イシツブテ"
    ],
    "gible": [
        "フカマル"
    ],
    "gigalith": [
        "ギガイアス"
    ],
    "girafarig": [
        "キリンリキ"
    ],
    "giratina": [
        "ギラティナ"
    ],
    "glaceon": [
        "グレイシア"
    ],
    "glalie": [
        "オニゴーリ"
    ],
    "glameow": [
        "ニャルマー"
    ],
    "glastrier": [
        "ブリザポス"
    ],
    "gligar": [
        "グライガー"
    ],
    "gliscor": [
        "グライオン"
    ],
    "gloom": [
        "クサイハナ"
    ],
    "gogoat": [
        "ゴーゴート"
    ],
    "golbat": [
        "ゴルバット"
    ],
    "goldeen": [
        "トサキント"
    ],
    "golduck": [
        "ゴルダック"
    ],
    "golem": [
        "ゴローニャ"
    ],
    "golett": [
        "ゴビット"
    ],
    "golisopod": [
        "グソクムシャ",
        "フソクムシヤセヤ"
    ],
    "golurk": [
        "ゴルーグ"
    ],
    "goodra": [
        "ヌメルゴン"
    ],
    "goomy": [
        "ヌメラ"
    ],
    "gorebyss": [
        "サクラビス"
    ],
    "gossifleur": [
        "ヒメンカ"
    ],
    "gothita": [
        "ゴチム"
    ],
    "gothitelle": [
        "ゴチルゼル"
    ],
    "gothorita": [
        "ゴチミル"
    ],
    "gourgeist": [
        "パンプジン"
    ],
    "granbull": [
        "グランブル"
    ],
    "grapploct": [
        "オトスパス"
    ],
    "graveler": [
        "ゴローン"
    ],
    "greedent": [
        "ヨクバリス"
    ],
    "greninja": [
        "ゲッコウガ"
    ],
    "grimer": [
        "ベトベター"
    ],
    "grimmsnarl": [
        "オーロンゲ"
    ],
    "grookey": [
        "サルノリ"
    ],
    "grotle": [
        "ハヤシガメ"
    ],
    "groudon": [
        "グラードン"
    ],
    "grovyle": [
        "ジュプトル"
    ],
    "growlithe": [
        "ガーディ"
    ],
    "grubbin": [
        "アゴジムシ"
    ],
    "grumpig": [
        "ブーピッグ"
    ],
    "gulpin": [
        "ゴクリン"
    ],
    "gumshoos": [
        "デカグース"
    ],
    "gurdurr": [
        "ドテッコツ"
    ],
    "guzzlord": [
        "アクジキング"
    ],
    "gyarados": [
        "ギャラドス"
    ],
    "hakamo-o": [
        "ジャランゴ"
    ],
    "happiny": [
        "ピンプク"
    ],
    "hariyama": [
        "ハリテヤマ"
    ],
    "hatenna": [
        "ミブリム"
    ],
    "hatterene": [
        "ブリムオン"
    ],
    "hattrem": [
        "テブリム"
    ],
    "haunter": [
        "ゴースト"
    ],
    "hawlucha": [
        "ルチャブル"
    ],
    "haxorus": [
        "オノノクス"
    ],
    "heatmor": [
        "クイタラン"
    ],
    "heatran": [
        "ヒードラン"
    ],
    "heliolisk": [
        "エレザード"
    ],
    "helioptile": [
        "エリキテル"
    ],
    "heracross": [
        "ヘラクロス"
    ],
    "herdier": [
        "ハーデリア"
    ],
    "hippopotas": [
        "ヒポポタス"
    ],
    "hippowdon": [
        "カバルドン"
    ],
    "hitmonchan": [
        "エビワラー"
    ],
    "hitmonlee": [
        "サワムラー"
    ],
    "hitmontop": [
        "カポエラー"
    ],
    "ho-oh": [
        "ホウオウ"
    ],
    "honchkrow": [
        "ドンカラス"
    ],
    "honedge": [
        "ヒトツキ",
        "ヒトウツウキ"
    ],
    "hoopa": [
        "フーパ"
    ],
    "hoothoot": [
        "ホーホー"
    ],
    "hoppip": [
        "ハネッコ"
    ],
    "horsea": [
        "タッツー",
        "タyーソー",
        "タソソー"
    ],
    "houndoom": [
        "ヘルガー"
    ],
    "houndour": [
        "デルビル"
    ],
    "huntail": [
        "ハンテール"
    ],
    "hydreigon": [
        "サザンドラ"
    ],
    "hypno": [
        "スリーパー"
    ],
    "igglybuff": [
        "ププリン"
    ],
    "illumise": [
        "イルミーゼ"
    ],
    "impidimp": [
        "ベロバー"
    ],
    "incineroar": [
        "ガオガエン"
    ],
    "indeedee": [
        "イエッサン"
    ],
    "infernape": [
        "ゴウカザル"
    ],
    "inkay": [
        "マーイーカ"
    ],
    "inteleon": [
        "インテレオン"
    ],
    "ivysaur": [
        "フシギソウ"
    ],
    "jangmo-o": [
        "ジャラコ"
    ],
    "jellicent": [
        "ブルンゲル"
    ],
    "jigglypuff": [
        "プリン"
    ],
    "jirachi": [
        "ジラーチ"
    ],
    "jolteon": [
        "サンダース"
    ],
    "joltik": [
        "バチュル"
    ],
    "jumpluff": [
        "ワタッコ"
    ],
    "jynx": [
        "ルージュラ"
    ],
    "kabuto": [
        "カブト",
        "カフフト"
    ],
    "kabutops": [
        "カブトプス",
        "カフフトフス"
    ],
    "kadabra": [
        "ユンゲラー"
    ],
    "kakuna": [
        "コクーン"
    ],
    "kangaskhan": [
        "ガルーラ"
    ],
    "karrablast": [
        "カブルモ",
        "カフフルモ"
    ],
    "kartana": [
        "カミツルギ"
    ],
    "kecleon": [
        "カクレオン"
    ],
    "keldeo": [
        "ケルディオ"
    ],
    "kingdra": [
        "キングドラ"
    ],
    "kingler": [
        "キングラー"
    ],
    "kirlia": [
        "キルリア"
    ],
    "klang": [
        "ギギアル"
    ],
    "klefki": [
        "クレッフィ"
    ],
    "klink": [
        "ギアル"
    ],
    "klinklang": [
        "ギギギアル"
    ],
    "koffing": [
        "ドガース"
    ],
    "komala": [
        "ネッコアラ"
    ],
    "kommo-o": [
        "ジャラランガ"
    ],
    "krabby": [
        "クラブ"
    ],
    "kricketot": [
        "コロボーシ"
    ],
    "kricketune": [
        "コロトック"
    ],
    "krokorok": [
        "ワルビル",
        "ワルヒヒル"
    ],
    "krookodile": [
        "ワルビアル",
        "ワルヒヒヒアル"
    ],
    "kubfu": [
        "ダクマ",
        "ツクマ"
    ],
    "kyogre": [
        "カイオーガ"
    ],
    "kyurem": [
        "キュレム"
    ],
    "lairon": [
        "コドラ"
    ],
    "lampent": [
        "ランプラー",
        "ランフフフラー"
    ],
    "landorus": [
        "ランドロス"
    ],
    "lanturn": [
        "ランターン",
        "ランタタターン"
    ],
    "lapras": [
        "ラプラス",
        "ラフフラス"
    ],
    "larvesta": [
        "メラルバ"
    ],
    "larvitar": [
        "ヨーギラス"
    ],
    "latias": [
        "ラティアス"
    ],
    "latios": [
        "ラティオス"
    ],
    "leafeon": [
        "リーフィア"
    ],
    "leavanny": [
        "ハハコモリ"
    ],
    "ledian": [
        "レディアン"
    ],
    "ledyba": [
        "レディバ"
    ],
    "lickilicky": [
        "ベロベルト"
    ],
    "lickitung": [
        "ベロリンガ"
    ],
    "liepard": [
        "レパルダス"
    ],
    "lileep": [
        "リリーラ"
    ],
    "lilligant": [
        "ドレディア"
    ],
    "lillipup": [
        "ヨーテリー"
    ],
    "linoone": [
        "マッスグマ"
    ],
    "litleo": [
        "シシコ"
    ],
    "litten": [
        "ニャビー"
    ],
    "litwick": [
        "ヒトモシ"
    ],
    "lombre": [
        "ハスブレロ"
    ],
    "lopunny": [
        "ミミロップ"
    ],
    "lotad": [
        "ハスボー"
    ],
    "loudred": [
        "ドゴーム"
    ],
    "lucario": [
        "ルカリオ"
    ],
    "ludicolo": [
        "ルンパッパ"
    ],
    "lugia": [
        "ルギア"
    ],
    "lumineon": [
        "ネオラント"
    ],
    "lunala": [
        "ルナアーラ"
    ],
    "lunatone": [
        "ルナトーン"
    ],
    "lurantis": [
        "ラランテス"
    ],
    "luvdisc": [
        "ラブカス"
    ],
    "luxio": [
        "ルクシオ"
    ],
    "luxray": [
        "レントラー"
    ],
    "lycanroc": [
        "ルガルガン"
    ],
    "machamp": [
        "カイリキー"
    ],
    "machoke": [
        "ゴーリキー"
    ],
    "machop": [
        "ワンリキー"
    ],
    "magby": [
        "ブビィ",
        "フヒイ",
        "フヒイィ"
    ],
    "magcargo": [
        "マグカルゴ"
    ],
    "magearna": [
        "マギアナ"
    ],
    "magikarp": [
        "コイキング"
    ],
    "magmar": [
        "ブーバー",
        "フーハハー"
    ],
    "magmortar": [
        "ブーバーン",
        "フーハハーン"
    ],
    "magnemite": [
        "コイル"
    ],
    "magneton": [
        "レアコイル"
    ],
    "magnezone": [
        "ジバコイル"
    ],
    "makuhita": [
        "マクノシタ"
    ],
    "malamar": [
        "カラマネロ"
    ],
    "mamoswine": [
        "マンムー"
    ],
    "manaphy": [
        "マナフィ"
    ],
    "mandibuzz": [
        "バルジーナ"
    ],
    "manectric": [
        "ライボルト"
    ],
    "mankey": [
        "マンキー"
    ],
    "mantine": [
        "マンタイン"
    ],
    "mantyke": [
        "タマンタ"
    ],
    "maractus": [
        "マラカッチ"
    ],
    "mareanie": [
        "ヒドイデ"
    ],
    "mareep": [
        "メリープ"
    ],
    "marill": [
        "マリル"
    ],
    "marowak": [
        "ガラガラ"
    ],
    "marshadow": [
        "マーシャドー"
    ],
    "marshtomp": [
        "ヌマクロー"
    ],
    "masquerain": [
        "アメモース"
    ],
    "mawile": [
        "クチート"
    ],
    "medicham": [
        "チャーレム"
    ],
    "meditite": [
        "アサナン"
    ],
    "meganium": [
        "メガニウム"
    ],
    "melmetal": [
        "メルメタル"
    ],
    "meloetta": [
        "メロエッタ"
    ],
    "meltan": [
        "メルタン"
    ],
    "meowstic": [
        "ニャオニクス"
    ],
    "meowth": [
        "ニャース"
    ],
    "mesprit": [
        "エムリット"
    ],
    "metagross": [
        "メタグロス"
    ],
    "metang": [
        "メタング"
    ],
    "metapod": [
        "トランセル"
    ],
    "mew": [
        "ミュウ"
    ],
    "mewtwo": [
        "ミュウツー"
    ],
    "mienfoo": [
        "コジョフー"
    ],
    "mienshao": [
        "コジョンド"
    ],
    "mightyena": [
        "グラエナ"
    ],
    "milcery": [
        "マホミル"
    ],
    "milotic": [
        "ミロカロス"
    ],
    "miltank": [
        "ミルタンク"
    ],
    "mime-jr": [
        "マネネ"
    ],
    "mimikyu": [
        "ミミッキュ"
    ],
    "minccino": [
        "チラーミィ"
    ],
    "minior": [
        "メテノ"
    ],
    "minun": [
        "マイナン"
    ],
    "misdreavus": [
        "ムウマ"
    ],
    "mismagius": [
        "ムウマージ"
    ],
    "moltres": [
        "ファイヤー"
    ],
    "monferno": [
        "モウカザル"
    ],
    "morelull": [
        "ネマシュ"
    ],
    "morgrem": [
        "ギモー"
    ],
    "morpeko": [
        "モルペコ"
    ],
    "mothim": [
        "ガーメイル"
    ],
    "mr-mime": [
        "バリヤード"
    ],
    "mr-rime": [
        "バリコオル"
    ],
    "mudbray": [
        "ドロバンコ"
    ],
    "mudkip": [
        "ミズゴロウ"
    ],
    "mudsdale": [
        "バンバドロ"
    ],
    "muk": [
        "ベトベトン"
    ],
    "munchlax": [
        "ゴンベ",
        "コンハヘ"
    ],
    "munna": [
        "ムンナ",
        "ムフナ"
    ],
    "murkrow": [
        "ヤミカラス"
    ],
    "musharna": [
        "ムシャーナ"
    ],
    "naganadel": [
        "アーゴヨン"
    ],
    "natu": [
        "ネイティ"
    ],
    "necrozma": [
        "ネクロズマ"
    ],
    "nickit": [
        "クスネ"
    ],
    "nidoking": [
        "ニドキング"
    ],
    "nidoqueen": [
        "ニドクイン"
    ],
    "nidoran-f": [
        "ニドラン♀"
    ],
    "nidoran-m": [
        "ニドラン♂"
    ],
    "nidorina": [
        "ニドリーナ"
    ],
    "nidorino": [
        "ニドリーノ"
    ],
    "nihilego": [
        "ウツロイド"
    ],
    "nincada": [
        "ツチニン"
    ],
    "ninetales": [
        "キュウコン"
    ],
    "ninjask": [
        "テッカニン"
    ],
    "noctowl": [
        "ヨルノズク"
    ],
    "noibat": [
        "オンバット"
    ],
    "noivern": [
        "オンバーン"
    ],
    "nosepass": [
        "ノズパス"
    ],
    "numel": [
        "ドンメル"
    ],
    "nuzleaf": [
        "コノハナ"
    ],
    "obstagoon": [
        "タチフサグマ"
    ],
    "octillery": [
        "オクタン"
    ],
    "oddish": [
        "ナゾノクサ"
    ],
    "omanyte": [
        "オムナイト"
    ],
    "omastar": [
        "オムスター"
    ],
    "onix": [
        "イワーク"
    ],
    "oranguru": [
        "ヤレユータン"
    ],
    "orbeetle": [
        "イオルブ"
    ],
    "oricorio": [
        "オドリドリ"
    ],
    "oshawott": [
        "ミジュマル"
    ],
    "pachirisu": [
        "パチリス"
    ],
    "palkia": [
        "パルキア"
    ],
    "palossand": [
        "シロデスナ"
    ],
    "palpitoad": [
        "ガマガル"
    ],
    "pancham": [
        "ヤンチャム"
    ],
    "pangoro": [
        "ゴロンダ"
    ],
    "panpour": [
        "ヒヤップ"
    ],
    "pansage": [
        "ヤナップ"
    ],
    "pansear": [
        "バオップ"
    ],
    "paras": [
        "パラス"
    ],
    "parasect": [
        "パラセクト"
    ],
    "passimian": [
        "ナゲツケサル",
        "ナケクウツクサル",
        "ナケクウツウクケクサル",
        "ナクツウツケクサル",
        "ナケクウツウクケサル"
    ],
    "patrat": [
        "ミネズミ"
    ],
    "pawniard": [
        "コマタナ"
    ],
    "pelipper": [
        "ペリッパー"
    ],
    "perrserker": [
        "ニャイキング",
        "ニヤャヤイキンク"
    ],
    "persian": [
        "ペルシアン"
    ],
    "petilil": [
        "チュリネ"
    ],
    "phanpy": [
        "ゴマゾウ"
    ],
    "phantump": [
        "ボクレー"
    ],
    "pheromosa": [
        "フェローチェ"
    ],
    "phione": [
        "フィオネ"
    ],
    "pichu": [
        "ピチュー"
    ],
    "pidgeot": [
        "ピジョット"
    ],
    "pidgeotto": [
        "ピジョン"
    ],
    "pidgey": [
        "ポッポ"
    ],
    "pidove": [
        "マメパト"
    ],
    "pignite": [
        "チャオブー"
    ],
    "pikachu": [
        "ピカチュウ"
    ],
    "pikipek": [
        "ツツケラ"
    ],
    "piloswine": [
        "イノムー"
    ],
    "pincurchin": [
        "バチンウニ"
    ],
    "pineco": [
        "クヌギダマ"
    ],
    "pinsir": [
        "カイロス"
    ],
    "piplup": [
        "ポッチャマ"
    ],
    "plusle": [
        "プラスル"
    ],
    "poipole": [
        "ベベノム"
    ],
    "politoed": [
        "ニョロトノ"
    ],
    "poliwag": [
        "ニョロモ"
    ],
    "poliwhirl": [
        "ニョロゾ"
    ],
    "poliwrath": [
        "ニョロボン"
    ],
    "polteageist": [
        "ポットデス"
    ],
    "ponyta": [
        "ポニータ"
    ],
    "poochyena": [
        "ポチエナ"
    ],
    "popplio": [
        "アシマリ"
    ],
    "porygon": [
        "ポリゴン"
    ],
    "porygon-z": [
        "ポリゴンＺ"
    ],
    "porygon2": [
        "ポリゴン２"
    ],
    "primarina": [
        "アシレーヌ"
    ],
    "primeape": [
        "オコリザル"
    ],
    "prinplup": [
        "ポッタイシ"
    ],
    "probopass": [
        "ダイノーズ"
    ],
    "psyduck": [
        "コダック"
    ],
    "pumpkaboo": [
        "バケッチャ"
    ],
    "pupitar": [
        "サナギラス"
    ],
    "purrloin": [
        "チョロネコ"
    ],
    "purugly": [
        "ブニャット"
    ],
    "pyroar": [
        "カエンジシ"
    ],
    "pyukumuku": [
        "ナマコブシ"
    ],
    "quagsire": [
        "ヌオー",
        "ヌスオー"
    ],
    "quilava": [
        "マグマラシ"
    ],
    "quilladin": [
        "ハリボーグ"
    ],
    "qwilfish": [
        "ハリーセン"
    ],
    "raboot": [
        "ラビフット"
    ],
    "raichu": [
        "ライチュウ"
    ],
    "raikou": [
        "ライコウ"
    ],
    "ralts": [
        "ラルトス"
    ],
    "rampardos": [
        "ラムパルド"
    ],
    "rapidash": [
        "ギャロップ"
    ],
    "raticate": [
        "ラッタ"
    ],
    "rattata": [
        "コラッタ"
    ],
    "rayquaza": [
        "レックウザ"
    ],
    "regice": [
        "レジアイス"
    ],
    "regidrago": [
        "レジドラゴ"
    ],
    "regieleki": [
        "レジエレキ"
    ],
    "regigigas": [
        "レジギガス"
    ],
    "regirock": [
        "レジロック"
    ],
    "registeel": [
        "レジスチル"
    ],
    "relicanth": [
        "ジーランス"
    ],
    "remoraid": [
        "テッポウオ"
    ],
    "reshiram": [
        "レシラム"
    ],
    "reuniclus": [
        "ランクルス"
    ],
    "rhydon": [
        "サイドン"
    ],
    "rhyhorn": [
        "サイホーン"
    ],
    "rhyperior": [
        "ドサイドン"
    ],
    "ribombee": [
        "アブリボン"
    ],
    "rillaboom": [
        "ゴリランダー"
    ],
    "riolu": [
        "リオル"
    ],
    "rockruff": [
        "イワンコ"
    ],
    "roggenrola": [
        "ダンゴロ"
    ],
    "rolycoly": [
        "タンドン"
    ],
    "rookidee": [
        "ココガラ"
    ],
    "roselia": [
        "ロゼリア"
    ],
    "roserade": [
        "ロズレイド"
    ],
    "rotom": [
        "ロトム"
    ],
    "rowlet": [
        "モクロー"
    ],
    "rufflet": [
        "ワシボン"
    ],
    "runerigus": [
        "デスバーン"
    ],
    "sableye": [
        "ヤミラミ"
    ],
    "salamence": [
        "ボーマンダ"
    ],
    "salandit": [
        "ヤトウモリ"
    ],
    "salazzle": [
        "エンニュート"
    ],
    "samurott": [
        "ダイケンキ"
    ],
    "sandaconda": [
        "サダイジャ"
    ],
    "sandile": [
        "メグロコ"
    ],
    "sandshrew": [
        "サンド"
    ],
    "sandslash": [
        "サンドパン"
    ],
    "sandygast": [
        "スナバァ"
    ],
    "sawk": [
        "ダゲキ",
        "タクキ"
    ],
    "sawsbuck": [
        "メブキジカ"
    ],
    "scatterbug": [
        "コフキムシ"
    ],
    "sceptile": [
        "ジュカイン"
    ],
    "scizor": [
        "ハッサム",
        "八ツサム"
    ],
    "scolipede": [
        "ペンドラー"
    ],
    "scorbunny": [
        "ヒバニー"
    ],
    "scrafty": [
        "ズルズキン"
    ],
    "scraggy": [
        "ズルッグ"
    ],
    "scyther": [
        "ストライク"
    ],
    "seadra": [
        "シードラ"
    ],
    "seaking": [
        "アズマオウ"
    ],
    "sealeo": [
        "トドグラー"
    ],
    "seedot": [
        "タネボー"
    ],
    "seel": [
        "パウワウ"
    ],
    "seismitoad": [
        "ガマゲロゲ"
    ],
    "sentret": [
        "オタチ"
    ],
    "serperior": [
        "ジャローダ"
    ],
    "servine": [
        "ジャノビー"
    ],
    "seviper": [
        "ハブネーク"
    ],
    "sewaddle": [
        "クルミル"
    ],
    "sharpedo": [
        "サメハダー"
    ],
    "shaymin": [
        "シェイミ"
    ],
    "shedinja": [
        "ヌケニン",
        "ヌククケクニン"
    ],
    "shelgon": [
        "コモルー"
    ],
    "shellder": [
        "シェルダー"
    ],
    "shellos": [
        "カラナクシ"
    ],
    "shelmet": [
        "チョボマキ"
    ],
    "shieldon": [
        "タテトプス"
    ],
    "shiftry": [
        "ダーテング"
    ],
    "shiinotic": [
        "マシェード"
    ],
    "shinx": [
        "コリンク"
    ],
    "shroomish": [
        "キノココ"
    ],
    "shuckle": [
        "ツボツボ"
    ],
    "shuppet": [
        "カゲボウズ"
    ],
    "sigilyph": [
        "シンボラー"
    ],
    "silcoon": [
        "カラサリス"
    ],
    "silicobra": [
        "スナヘビ"
    ],
    "silvally": [
        "シルヴァディ"
    ],
    "simipour": [
        "ヒヤッキー"
    ],
    "simisage": [
        "ヤナッキー"
    ],
    "simisear": [
        "バオッキー"
    ],
    "sinistea": [
        "ヤバチャ"
    ],
    "sirfetch-d": [
        "ネギガナイト"
    ],
    "sizzlipede": [
        "ヤクデ"
    ],
    "skarmory": [
        "エアームド"
    ],
    "skiddo": [
        "メェークル"
    ],
    "skiploom": [
        "ポポッコ"
    ],
    "skitty": [
        "エネコ"
    ],
    "skorupi": [
        "スコルピ"
    ],
    "skrelp": [
        "クズモー"
    ],
    "skuntank": [
        "スカタンク",
        "スカタタタンク"
    ],
    "skwovet": [
        "ホシガリス"
    ],
    "slaking": [
        "ケッキング"
    ],
    "slakoth": [
        "ナマケロ"
    ],
    "sliggoo": [
        "ヌメイル"
    ],
    "slowbro": [
        "ヤドラン"
    ],
    "slowking": [
        "ヤドキング"
    ],
    "slowpoke": [
        "ヤドン"
    ],
    "slugma": [
        "マグマッグ"
    ],
    "slurpuff": [
        "ペロリーム"
    ],
    "smeargle": [
        "ドーブル"
    ],
    "smoochum": [
        "ムチュール"
    ],
    "sneasel": [
        "ニューラ"
    ],
    "snivy": [
        "ツタージャ"
    ],
    "snom": [
        "ユキハミ",
        "ユキ八三"
    ],
    "snorlax": [
        "カビゴン"
    ],
    "snorunt": [
        "ユキワラシ"
    ],
    "snover": [
        "ユキカブリ"
    ],
    "snubbull": [
        "ブルー"
    ],
    "sobble": [
        "メッソン"
    ],
    "solgaleo": [
        "ソルガレオ"
    ],
    "solosis": [
        "ユニラン"
    ],
    "solrock": [
        "ソルロック"
    ],
    "spearow": [
        "オニスズメ"
    ],
    "spectrier": [
        "レイスポス"
    ],
    "spewpa": [
        "コフーライ"
    ],
    "spheal": [
        "タマザラシ"
    ],
    "spinarak": [
        "イトマル"
    ],
    "spinda": [
        "パッチール"
    ],
    "spiritomb": [
        "ミカルゲ"
    ],
    "spoink": [
        "バネブー"
    ],
    "spritzee": [
        "シュシュプ"
    ],
    "squirtle": [
        "ゼニガメ"
    ],
    "stakataka": [
        "ツンデツンデ"
    ],
    "stantler": [
        "オドシシ"
    ],
    "staraptor": [
        "ムクホーク"
    ],
    "staravia": [
        "ムクバード"
    ],
    "starly": [
        "ムックル"
    ],
    "starmie": [
        "スターミー"
    ],
    "staryu": [
        "ヒトデマン"
    ],
    "steelix": [
        "ハガネール"
    ],
    "steenee": [
        "アママイコ"
    ],
    "stonjourner": [
        "イシヘンジン"
    ],
    "stoutland": [
        "ムーランド"
    ],
    "stufful": [
        "ヌイコグマ"
    ],
    "stunfisk": [
        "マッギョ"
    ],
    "stunky": [
        "スカンプー"
    ],
    "sudowoodo": [
        "ウソッキー"
    ],
    "suicune": [
        "スイクン"
    ],
    "sunflora": [
        "キマワリ"
    ],
    "sunkern": [
        "ヒマナッツ"
    ],
    "surskit": [
        "アメタマ"
    ],
    "swablu": [
        "チルット"
    ],
    "swadloon": [
        "クルマユ"
    ],
    "swalot": [
        "マルノーム"
    ],
    "swampert": [
        "ラグラージ"
    ],
    "swanna": [
        "スワンナ"
    ],
    "swellow": [
        "オオスバメ"
    ],
    "swinub": [
        "ウリムー"
    ],
    "swirlix": [
        "ペロッパフ"
    ],
    "swoobat": [
        "ココロモリ"
    ],
    "sylveon": [
        "ニンフィア"
    ],
    "taillow": [
        "スバメ"
    ],
    "talonflame": [
        "ファイアロー"
    ],
    "tangela": [
        "モンジャラ"
    ],
    "tangrowth": [
        "モジャンボ"
    ],
    "tapu-bulu": [
        "カプ・ブルル"
    ],
    "tapu-fini": [
        "カプ・レヒレ"
    ],
    "tapu-koko": [
        "カプ・コケコ"
    ],
    "tapu-lele": [
        "カプ・テテフ"
    ],
    "tauros": [
        "ケンタロス"
    ],
    "teddiursa": [
        "ヒメグマ"
    ],
    "tentacool": [
        "メノクラゲ"
    ],
    "tentacruel": [
        "ドククラゲ"
    ],
    "tepig": [
        "ポカブ"
    ],
    "terrakion": [
        "テラキオン"
    ],
    "thievul": [
        "フォクスライ"
    ],
    "throh": [
        "ナゲキ",
        "ナクキ",
        "ナタクキ",
        "ナタケクキ"
    ],
    "thundurus": [
        "ボルトロス"
    ],
    "thwackey": [
        "バチンキー"
    ],
    "timburr": [
        "ドッコラー"
    ],
    "tirtouga": [
        "プロトーガ"
    ],
    "togedemaru": [
        "トゲデマル",
        "トクケクテマル"
    ],
    "togekiss": [
        "トゲキッス"
    ],
    "togepi": [
        "トゲピー",
        "トクケクヒー"
    ],
    "togetic": [
        "トゲチック"
    ],
    "torchic": [
        "アチャモ"
    ],
    "torkoal": [
        "コータス"
    ],
    "tornadus": [
        "トルネロス"
    ],
    "torracat": [
        "ニャヒート"
    ],
    "torterra": [
        "ドダイトス"
    ],
    "totodile": [
        "ワニノコ"
    ],
    "toucannon": [
        "ドデカバシ"
    ],
    "toxapex": [
        "ドヒドイデ"
    ],
    "toxel": [
        "エレズン"
    ],
    "toxicroak": [
        "ドクロッグ"
    ],
    "toxtricity": [
        "ストリンダー"
    ],
    "tranquill": [
        "ハトーボー"
    ],
    "trapinch": [
        "ナックラー"
    ],
    "treecko": [
        "キモリ"
    ],
    "trevenant": [
        "オーロット"
    ],
    "tropius": [
        "トロピウス"
    ],
    "trubbish": [
        "ヤブクロン"
    ],
    "trumbeak": [
        "ケララッパ"
    ],
    "tsareena": [
        "アマージョ"
    ],
    "turtonator": [
        "バクガメス"
    ],
    "turtwig": [
        "ナエトル"
    ],
    "tympole": [
        "オタマロ"
    ],
    "tynamo": [
        "シビシラス"
    ],
    "type-null": [
        "タイプ：ヌル"
    ],
    "typhlosion": [
        "バクフーン"
    ],
    "tyranitar": [
        "バンギラス"
    ],
    "tyrantrum": [
        "ガチゴラス"
    ],
    "tyrogue": [
        "バルキー"
    ],
    "tyrunt": [
        "チゴラス"
    ],
    "umbreon": [
        "ブラッキー"
    ],
    "unfezant": [
        "ケンホロウ"
    ],
    "unown": [
        "アンノーン"
    ],
    "ursaring": [
        "リングマ"
    ],
    "urshifu": [
        "ウーラオス"
    ],
    "uxie": [
        "ユクシー"
    ],
    "vanillish": [
        "バニリッチ"
    ],
    "vanillite": [
        "バニプッチ"
    ],
    "vanilluxe": [
        "バイバニラ"
    ],
    "vaporeon": [
        "シャワーズ"
    ],
    "venipede": [
        "フシデ"
    ],
    "venomoth": [
        "モルフォン"
    ],
    "venonat": [
        "コンパン"
    ],
    "venusaur": [
        "フシギバナ"
    ],
    "vespiquen": [
        "ビークイン"
    ],
    "vibrava": [
        "ビブラーバ",
        "ヒフフフラーハ"
    ],
    "victini": [
        "ビクティニ"
    ],
    "victreebel": [
        "ウツボット"
    ],
    "vigoroth": [
        "ヤルキモノ"
    ],
    "vikavolt": [
        "クワガノン"
    ],
    "vileplume": [
        "ラフレシア"
    ],
    "virizion": [
        "ビリジオン"
    ],
    "vivillon": [
        "ビビヨン"
    ],
    "volbeat": [
        "バルビート"
    ],
    "volcanion": [
        "ボルケニオン"
    ],
    "volcarona": [
        "ウルガモス"
    ],
    "voltorb": [
        "ビリリダマ"
    ],
    "vullaby": [
        "バルチャイ"
    ],
    "vulpix": [
        "ロコン",
        "ロコフン"
    ],
    "wailmer": [
        "ホエルコ"
    ],
    "wailord": [
        "ホエルオー"
    ],
    "walrein": [
        "トドゼルガ"
    ],
    "wartortle": [
        "カメール"
    ],
    "watchog": [
        "ミルホッグ"
    ],
    "weavile": [
        "マニューラ"
    ],
    "weedle": [
        "ビードル"
    ],
    "weepinbell": [
        "ウツドン"
    ],
    "weezing": [
        "マタドガス"
    ],
    "whimsicott": [
        "エルフーン"
    ],
    "whirlipede": [
        "ホイーガ"
    ],
    "whiscash": [
        "ナマズン"
    ],
    "whismur": [
        "ゴニョニョ"
    ],
    "wigglytuff": [
        "プクリン"
    ],
    "wimpod": [
        "コソクムシ"
    ],
    "wingull": [
        "キャモメ"
    ],
    "wishiwashi": [
        "ヨワシ",
        "コヨコワシ"
    ],
    "wobbuffet": [
        "ソーナンス"
    ],
    "woobat": [
        "コロモリ"
    ],
    "wooloo": [
        "ウールー"
    ],
    "wooper": [
        "ウパー"
    ],
    "wormadam": [
        "ミノマダム"
    ],
    "wurmple": [
        "ケムッソ"
    ],
    "wynaut": [
        "ソーナノ"
    ],
    "xatu": [
        "ネイティオ"
    ],
    "xerneas": [
        "ゼルネアス"
    ],
    "xurkitree": [
        "デンジュモク"
    ],
    "yamask": [
        "デスマス"
    ],
    "yamper": [
        "ワンパチ"
    ],
    "yanma": [
        "ヤンヤンマ"
    ],
    "yanmega": [
        "メガヤンマ"
    ],
    "yungoos": [
        "ヤングース"
    ],
    "yveltal": [
        "イベルタル"
    ],
    "zacian": [
        "ザシアン"
    ],
    "zamazenta": [
        "ザマゼンタ"
    ],
    "zangoose": [
        "ザングース"
    ],
    "zapdos": [
        "サンダー"
    ],
    "zarude": [
        "ザルード"
    ],
    "zebstrika": [
        "ゼブライカ"
    ],
    "zekrom": [
        "ゼクロム"
    ],
    "zeraora": [
        "ゼラオラ"
    ],
    "zigzagoon": [
        "ジグザグマ"
    ],
    "zoroark": [
        "ゾロアーク"
    ],
    "zorua": [
        "ゾロア"
    ],
    "zubat": [
        "ズバット",
        "スハハハツット"
    ],
    "zweilous": [
        "ジヘッド"
    ],
    "zygarde": [
        "ジガルデ"
    ]
}
