﻿{
    "0-ProgramName": "AutoHost-Rolling",
    "1-Description": "Roll N days, host, SR and repeat. Also supports hard-locks and soft-locks.",
    "2-Parameters": [
        {
            "00-Type": "RandomCode",
            "01-Label": "<b>Raid Code:</b><br>Blank for no raid code. Set random digits to zero for a fixed code. Otherwise, it is the # of leading random digits.",
            "02-DeclarationRandom": "const uint8_t RANDOM_DIGITS",
            "03-DeclarationCode": "const char* RAID_CODE",
            "04-Digits": 8,
            "05-DefaultRandom": 0,
            "06-DefaultCode": "1280 0000",
            "07-CurrentRandom": 0,
            "08-CurrentCode": "1280 0000"
        },
        {
            "00-Type": "SimpleInteger",
            "01-Label": "<b>Day Skips:</b>",
            "02-Declaration": "const uint8_t SKIPS",
            "03-MinValue": 0,
            "04-MaxValue": 255,
            "98-Default": 3,
            "99-Current": 3
        },
        {
            "00-Type": "BooleanCheckBox",
            "01-Label": "<b>Load Backup Save:</b><br>For backup save soft-locking method.",
            "02-Declaration": "const bool BACKUP_SAVE",
            "98-Default": false,
            "99-Current": false
        },
        {
            "00-Type": "BooleanCheckBox",
            "01-Label": "<b>Host Online:</b>",
            "02-Declaration": "const bool HOST_ONLINE",
            "98-Default": true,
            "99-Current": true
        },
        {
            "00-Type": "TimeExpression",
            "01-Label": "<b>Lobby Wait Delay:</b><br>Wait this long before starting raid. Start time is 3 minutes minus this number.",
            "02-Declaration": "const uint16_t LOBBY_WAIT_DELAY",
            "03-MinValue": 0,
            "04-MaxValue": 22500,
            "98-Default": "60 * TICKS_PER_SECOND",
            "99-Current": "60 * TICKS_PER_SECOND"
        },
        {
            "00-Type": "EnumDropdown",
            "01-Label": "<b>Pokémon Catchability</b>",
            "02-Declaration": "const Catchability CATCHABILITY",
            "03-Options": [
                [
                    "ALWAYS_CATCHABLE",
                    "Always Catchable"
                ],
                [
                    "MAYBE_UNCATCHABLE",
                    "Maybe Uncatchable"
                ],
                [
                    "ALWAYS_UNCATCHABLE",
                    "Always Uncatchable"
                ]
            ],
            "98-Default": "ALWAYS_CATCHABLE",
            "99-Current": "ALWAYS_CATCHABLE"
        },
        {
            "00-Type": "SimpleInteger",
            "01-Label": "<b>Friend Request Accept Slot:</b><br>Zero disables friend accepts.",
            "02-Declaration": "const uint8_t FRIEND_ACCEPT_USER_SLOT",
            "03-MinValue": 0,
            "04-MaxValue": 8,
            "98-Default": 0,
            "99-Current": 0
        },
        {
            "00-Type": "TimeExpression",
            "01-Label": "<b>Extra Delay Between Raids:</b><br>May aid in farming.",
            "02-Declaration": "const uint16_t EXTRA_DELAY_BETWEEN_RAIDS",
            "03-MinValue": 0,
            "04-MaxValue": 65535,
            "98-Default": "0 * TICKS_PER_SECOND",
            "99-Current": "0 * TICKS_PER_SECOND"
        },
        {
            "00-Type": "SimpleInteger",
            "01-Label": "<b>1st Move Select Slot:</b><br>Zero disables 1st move select.",
            "02-Declaration": "const uint8_t MOVE_SLOT",
            "03-MinValue": 0,
            "04-MaxValue": 4,
            "98-Default": 0,
            "99-Current": 0
        },
        {
            "00-Type": "BooleanCheckBox",
            "01-Label": "<b>1st Move Dynamax:</b><br>Dynamax on first move. (only applies if above option is non-zero)",
            "02-Declaration": "const bool DYNAMAX",
            "98-Default": true,
            "99-Current": true
        },
        {
            "00-Type": "BooleanCheckBox",
            "01-Label": "<b>Alternate Games:</b><br>Alternate hosting between 1st and 2nd games. Host from both Sword and Shield.",
            "02-Declaration": "const bool ALTERNATE_GAMES",
            "98-Default": false,
            "99-Current": false
        },
        {
            "00-Type": "TimeExpression",
            "01-Label": "<b>Rollover Prevention:</b><br>Prevent the den from rolling over by periodically touching the date. If set to zero, this feature is disabled. If skips is non-zero, this feature is also disabled.",
            "02-Declaration": "const uint32_t TOUCH_DATE_INTERVAL",
            "03-MinValue": 0,
            "04-MaxValue": 2147483647,
            "98-Default": "4 * 3600 * TICKS_PER_SECOND",
            "99-Current": "4 * 3600 * TICKS_PER_SECOND"
        },
        {
            "00-Type": "Divider",
            "01-Label": "<font size=4><b>Internet Settings:</b> Increase these if your internet is slow.</font>"
        },
        {
            "00-Type": "TimeExpression",
            "01-Label": "<b>Connect to Internet Delay:</b><br>Time from \"Connect to Internet\" to when you're ready to enter den.",
            "02-Declaration": "const uint16_t CONNECT_TO_INTERNET_DELAY",
            "03-MinValue": 0,
            "04-MaxValue": 65535,
            "98-Default": "20 * TICKS_PER_SECOND",
            "99-Current": "20 * TICKS_PER_SECOND"
        },
        {
            "00-Type": "TimeExpression",
            "01-Label": "<b>Enter Online Den Delay:</b><br>\"Communicating\" when entering den while online.",
            "02-Declaration": "const uint16_t ENTER_ONLINE_DEN_DELAY",
            "03-MinValue": 0,
            "04-MaxValue": 65535,
            "98-Default": "8 * TICKS_PER_SECOND",
            "99-Current": "8 * TICKS_PER_SECOND"
        },
        {
            "00-Type": "TimeExpression",
            "01-Label": "<b>Open Offline Den Delay:</b><br>Delay from \"Invite Others\" to when the clock starts ticking.",
            "02-Declaration": "const uint16_t OPEN_ONLINE_DEN_LOBBY_DELAY",
            "03-MinValue": 0,
            "04-MaxValue": 65535,
            "98-Default": "8 * TICKS_PER_SECOND",
            "99-Current": "8 * TICKS_PER_SECOND"
        },
        {
            "00-Type": "TimeExpression",
            "01-Label": "<b>Raid Start to Exit Delay:</b><br>Time from start raid to reset. (when not selecting move)",
            "02-Declaration": "const uint16_t RAID_START_TO_EXIT_DELAY",
            "03-MinValue": 0,
            "04-MaxValue": 65535,
            "98-Default": "15 * TICKS_PER_SECOND",
            "99-Current": "15 * TICKS_PER_SECOND"
        },
        {
            "00-Type": "TimeExpression",
            "01-Label": "<b>Delay to Select Move:</b><br>This + above = time from start raid to select move.",
            "02-Declaration": "const uint16_t DELAY_TO_SELECT_MOVE",
            "03-MinValue": 0,
            "04-MaxValue": 65535,
            "98-Default": "32 * TICKS_PER_SECOND",
            "99-Current": "32 * TICKS_PER_SECOND"
        }
    ]
}
