﻿{
    "0-ProgramName": "EventBeamFinder",
    "1-Description": "Drop wishing pieces until you find an event den.",
    "2-Parameters": [
        {
            "00-Type": "TimeExpression",
            "01-Label": "<b>Wait time in Den:</b>",
            "02-Declaration": "const uint16_t WAIT_TIME_IN_DEN",
            "03-MinValue": 0,
            "04-MaxValue": 65535,
            "98-Default": "5 * TICKS_PER_SECOND",
            "99-Current": "5 * TICKS_PER_SECOND"
        }
    ]
}
