﻿{
    "0-ProgramName": "ShinyHunt-SwordsOfJustice",
    "1-Description": "Hunt for shiny Swords of Justice legendaries.",
    "2-Parameters": [
        {
            "00-Type": "TimeExpression",
            "01-Label": "<b>Exit Camp Delay:</b><br>Increase this number if you want to give yourself more time before running.",
            "02-Declaration": "const uint16_t EXIT_CAMP_TO_RUN_DELAY",
            "03-MinValue": 0,
            "04-MaxValue": 65535,
            "98-Default": "19 * TICKS_PER_SECOND",
            "99-Current": "19 * TICKS_PER_SECOND"
        },
        {
            "00-Type": "Divider",
            "01-Label": "<font size=4><b>Advanced Options:</b> You should not need to touch anything below here.</font>"
        },
        {
            "00-Type": "TimeExpression",
            "01-Label": "<b>Enter Camp Delay:</b>",
            "02-Declaration": "const uint16_t ENTER_CAMP_DELAY",
            "03-MinValue": 0,
            "04-MaxValue": 65535,
            "98-Default": "8 * TICKS_PER_SECOND",
            "99-Current": "8 * TICKS_PER_SECOND"
        },
        {
            "00-Type": "TimeExpression",
            "01-Label": "<b>Run Delay:</b>",
            "02-Declaration": "const uint16_t RUN_DELAY",
            "03-MinValue": 0,
            "04-MaxValue": 65535,
            "98-Default": "5 * TICKS_PER_SECOND",
            "99-Current": "5 * TICKS_PER_SECOND"
        },
        {
            "00-Type": "SimpleInteger",
            "01-Label": "<b>Time Rollback (in hours):</b><br>Periodically roll back the time to keep the weather the same. If set to zero, this feature is disabled.",
            "02-Declaration": "const uint8_t TIME_ROLLBACK_HOURS",
            "03-MinValue": 0,
            "04-MaxValue": 11,
            "98-Default": 1,
            "99-Current": 1
        }
    ]
}
