﻿{
    "0-ProgramName": "ShinyHuntUnattended-StrongSpawn",
    "1-Description": "Hunt for shiny strong spawns. Stop when a shiny is found.",
    "2-Parameters": [
        {
            "00-Type": "TimeExpression",
            "01-Label": "<b>Enter Game to Run Delay:</b><br>This needs to be carefully calibrated.",
            "02-Declaration": "const uint16_t ENTER_GAME_TO_RUN_DELAY",
            "03-MinValue": 0,
            "04-MaxValue": 65535,
            "98-Default": "2280",
            "99-Current": "2280"
        },
        {
            "00-Type": "TimeExpression",
            "01-Label": "<b>Start Game Wait Delay:</b><br>Decrease this if your game starts quickly.",
            "02-Declaration": "const uint16_t START_GAME_WAIT_DELAY",
            "03-MinValue": 0,
            "04-MaxValue": 65535,
            "98-Default": "20 * TICKS_PER_SECOND",
            "99-Current": "20 * TICKS_PER_SECOND"
        },
        {
            "00-Type": "Divider",
            "01-Label": "<font size=4><b>Advanced Options:</b> You should not need to touch anything below here.</font>"
        },
        {
            "00-Type": "SimpleInteger",
            "01-Label": "<b>Time Rollback (in hours):</b><br>Periodically roll back the time to keep the weather the same. If set to zero, this feature is disabled.",
            "02-Declaration": "const uint8_t TIME_ROLLBACK_HOURS",
            "03-MinValue": 0,
            "04-MaxValue": 11,
            "98-Default": 1,
            "99-Current": 1
        }
    ]
}
