﻿{
    "0-ProgramName": "EggFetcher2",
    "1-Description": "Fetch eggs without hatching them.",
    "2-Parameters": [
        {
            "00-Type": "SimpleInteger",
            "01-Label": "<b>Fetch this many times:</b><br>This puts a limit on how many eggs you can get so you don't make a mess of your boxes for fetching too many.",
            "02-Declaration": "const uint16_t MAX_FETCH_ATTEMPTS",
            "03-MinValue": 0,
            "04-MaxValue": 65535,
            "98-Default": 2000,
            "99-Current": 2000
        }
    ]
}
