﻿{
    "0-ProgramName": "ShinyHuntUnattended-IoATrade",
    "1-Description": "Hunt for shiny Isle of Armor trade. Stop when a shiny is found.",
    "2-Parameters": [
        {
            "00-Type": "TimeExpression",
            "01-Label": "<b>Start to Run Delay:</b><br>This needs to be carefully calibrated.",
            "02-Declaration": "const uint16_t START_TO_RUN_DELAY",
            "03-MinValue": 0,
            "04-MaxValue": 65535,
            "98-Default": "1260",
            "99-Current": "1260"
        },
        {
            "00-Type": "TimeExpression",
            "01-Label": "<b>Rollover Prevention:</b><br>Prevent a den from rolling over by periodically touching the date. If set to zero, this feature is disabled.",
            "02-Declaration": "const uint32_t TOUCH_DATE_INTERVAL",
            "03-MinValue": 0,
            "04-MaxValue": 2147483647,
            "98-Default": "4 * 3600 * TICKS_PER_SECOND",
            "99-Current": "4 * 3600 * TICKS_PER_SECOND"
        },
        {
            "00-Type": "Divider",
            "01-Label": "<font size=4><b>Advanced Options:</b> You should not need to touch anything below here.</font>"
        },
        {
            "00-Type": "TimeExpression",
            "01-Label": "<b>Fly Duration:</b>",
            "02-Declaration": "const uint16_t FLY_DURATION",
            "03-MinValue": 0,
            "04-MaxValue": 65535,
            "98-Default": "800",
            "99-Current": "800"
        },
        {
            "00-Type": "TimeExpression",
            "01-Label": "<b>Move to Beartic Duration:</b>",
            "02-Declaration": "const uint16_t MOVE_DURATION",
            "03-MinValue": 0,
            "04-MaxValue": 65535,
            "98-Default": "300",
            "99-Current": "300"
        },
        {
            "00-Type": "TimeExpression",
            "01-Label": "<b>Mash to Trade Delay:</b><br>Time to perform the trade.",
            "02-Declaration": "const uint16_t MASH_TO_TRADE_DELAY",
            "03-MinValue": 0,
            "04-MaxValue": 65535,
            "98-Default": "29 * TICKS_PER_SECOND",
            "99-Current": "29 * TICKS_PER_SECOND"
        }
    ]
}
