﻿{
    "0-ProgramName": "DenRoller",
    "1-Description": "Roll den to the N'th day, SR and repeat.",
    "2-Parameters": [
        {
            "00-Type": "SimpleInteger",
            "01-Label": "<b>Number of Skips:</b>",
            "02-Declaration": "const uint8_t SKIPS",
            "03-MinValue": 0,
            "04-MaxValue": 255,
            "98-Default": 3,
            "99-Current": 3
        },
        {
            "00-Type": "EnumDropdown",
            "01-Label": "<b>Pokémon Catchability</b>",
            "02-Declaration": "const Catchability CATCHABILITY",
            "03-Options": [
                [
                    "ALWAYS_CATCHABLE",
                    "Always Catchable"
                ],
                [
                    "MAYBE_UNCATCHABLE",
                    "Maybe Uncatchable"
                ],
                [
                    "ALWAYS_UNCATCHABLE",
                    "Always Uncatchable"
                ]
            ],
            "98-Default": "ALWAYS_CATCHABLE",
            "99-Current": "ALWAYS_CATCHABLE"
        },
        {
            "00-Type": "TimeExpression",
            "01-Label": "<b>View Time before Reset:</b>",
            "02-Declaration": "const uint16_t VIEW_TIME",
            "03-MinValue": 0,
            "04-MaxValue": 65535,
            "98-Default": "5 * TICKS_PER_SECOND",
            "99-Current": "5 * TICKS_PER_SECOND"
        }
    ]
}
