﻿{
    "0-ProgramName": "ShinyHuntUnattended-Regigigas2",
    "1-Description": "A new version of the Regigigas program that is faster.",
    "2-Parameters": [
        {
            "00-Type": "SimpleInteger",
            "01-Label": "<b>Reversal PP:</b><br>The amount of Reversal PP you are saved with.",
            "02-Declaration": "const uint8_t REVERSAL_PP",
            "03-MinValue": 0,
            "04-MaxValue": 255,
            "98-Default": 24,
            "99-Current": 24
        },
        {
            "00-Type": "TimeExpression",
            "01-Label": "<b>Start to Attack Delay:</b><br>This needs to be carefully calibrated.",
            "02-Declaration": "const uint16_t START_TO_ATTACK_DELAY",
            "03-MinValue": 0,
            "04-MaxValue": 65535,
            "98-Default": "3720",
            "99-Current": "3720"
        },
        {
            "00-Type": "Divider",
            "01-Label": "<font size=4><b>Advanced Options:</b> You should not need to touch anything below here.</font>"
        },
        {
            "00-Type": "TimeExpression",
            "01-Label": "<b>Attack to Catch Delay:</b><br>Increase this if you seem to be catching Regigigas very often.",
            "02-Declaration": "const uint16_t ATTACK_TO_CATCH_DELAY",
            "03-MinValue": 0,
            "04-MaxValue": 65535,
            "98-Default": "9 * TICKS_PER_SECOND",
            "99-Current": "9 * TICKS_PER_SECOND"
        },
        {
            "00-Type": "TimeExpression",
            "01-Label": "<b>Catch to Overworld Delay:</b>",
            "02-Declaration": "const uint16_t CATCH_TO_OVERWORLD_DELAY",
            "03-MinValue": 0,
            "04-MaxValue": 65535,
            "98-Default": "8 * TICKS_PER_SECOND",
            "99-Current": "8 * TICKS_PER_SECOND"
        },
        {
            "00-Type": "TimeExpression",
            "01-Label": "<b>Rollover Prevention:</b><br>Prevent a den from rolling over by periodically touching the date. If set to zero, this feature is disabled.",
            "02-Declaration": "const uint32_t TOUCH_DATE_INTERVAL",
            "03-MinValue": 0,
            "04-MaxValue": 2147483647,
            "98-Default": "4 * 3600 * TICKS_PER_SECOND",
            "99-Current": "4 * 3600 * TICKS_PER_SECOND"
        }
    ]
}
