﻿{
    "0-ProgramName": "BeamReset",
    "1-Description": "Reset a beam until you see a purple beam.",
    "2-Parameters": [
        {
            "00-Type": "TimeExpression",
            "01-Label": "<b>Delay before Reset:</b>",
            "02-Declaration": "const uint16_t DELAY_BEFORE_RESET",
            "03-MinValue": 0,
            "04-MaxValue": 65535,
            "98-Default": "5 * TICKS_PER_SECOND",
            "99-Current": "5 * TICKS_PER_SECOND"
        },
        {
            "00-Type": "BooleanCheckBox",
            "01-Label": "<b>Extra Line:</b><br>(German has an extra line of text.)",
            "02-Declaration": "const bool EXTRA_LINE",
            "98-Default": false,
            "99-Current": false
        }
    ]
}
