﻿{
    "0-ProgramName": "MassRelease",
    "1-Description": "Mass release boxes of Pokémon.",
    "2-Parameters": [
        {
            "00-Type": "SimpleInteger",
            "01-Label": "<b>Number of Boxes to Release:</b>",
            "02-Declaration": "const uint8_t BOXES_TO_RELEASE",
            "03-MinValue": 0,
            "04-MaxValue": 32,
            "98-Default": 2,
            "99-Current": 2
        },
        {
            "00-Type": "BooleanCheckBox",
            "01-Label": "<b>Dodge System Update Window:</b>",
            "02-Declaration": "const bool DODGE_SYSTEM_UPDATE_WINDOW",
            "98-Default": false,
            "99-Current": false
        }
    ]
}
