﻿{
    "0-ProgramName": "ShinyHunt-Regi",
    "1-Description": "Hunt for shiny Regi golem legendaries.",
    "2-Parameters": [
        {
            "00-Type": "TimeExpression",
            "01-Label": "<b>View Time before Reset:</b>",
            "02-Declaration": "const uint16_t WAIT_TIME",
            "03-MinValue": 0,
            "04-MaxValue": 65535,
            "98-Default": "15 * TICKS_PER_SECOND",
            "99-Current": "15 * TICKS_PER_SECOND"
        },
        {
            "00-Type": "TimeExpression",
            "01-Label": "<b>Rollover Prevention:</b><br>Prevent a den from rolling over by<br>periodically touching the date.<br><br>If set to zero, this feature is disabled.",
            "02-Declaration": "const uint32_t TOUCH_DATE_INTERVAL",
            "03-MinValue": 0,
            "04-MaxValue": 2147483647,
            "98-Default": "4 * 3600 * TICKS_PER_SECOND",
            "99-Current": "4 * 3600 * TICKS_PER_SECOND"
        }
    ]
}
