﻿{
    "0-ProgramName": "SurpriseTrade",
    "1-Description": "Surprise trade away boxes of Pokémon.",
    "2-Parameters": [
        {
            "00-Type": "SimpleInteger",
            "01-Label": "<b>Number of Boxes to Trade:</b>",
            "02-Declaration": "const uint8_t BOXES_TO_TRADE",
            "03-MinValue": 0,
            "04-MaxValue": 255,
            "98-Default": 2,
            "99-Current": 2
        },
        {
            "00-Type": "TimeExpression",
            "01-Label": "<b>Time to wait for a Trade Partner:</b>",
            "02-Declaration": "const uint16_t INITIAL_WAIT",
            "03-MinValue": 0,
            "04-MaxValue": 65535,
            "98-Default": "30 * TICKS_PER_SECOND",
            "99-Current": "30 * TICKS_PER_SECOND"
        },
        {
            "00-Type": "Divider",
            "01-Label": "<font size=4><b>Advanced Options:</b> You should not need to touch anything below here.</font>"
        },
        {
            "00-Type": "TimeExpression",
            "01-Label": "<b>Trade Animation Time:</b>",
            "02-Declaration": "const uint16_t TRADE_ANIMATION",
            "03-MinValue": 0,
            "04-MaxValue": 65535,
            "98-Default": "23 * TICKS_PER_SECOND",
            "99-Current": "23 * TICKS_PER_SECOND"
        },
        {
            "00-Type": "TimeExpression",
            "01-Label": "<b>Evolve Delay:</b>",
            "02-Declaration": "const uint16_t EVOLVE_DELAY",
            "03-MinValue": 0,
            "04-MaxValue": 65535,
            "98-Default": "30 * TICKS_PER_SECOND",
            "99-Current": "30 * TICKS_PER_SECOND"
        }
    ]
}
