﻿{
    "0-ProgramName": "ShinyHuntUnattended-Regigigas",
    "1-Description": "Hunt for shiny Regigigas. Stop when a shiny is found.",
    "2-Parameters": [
        {
            "00-Type": "TimeExpression",
            "01-Label": "<b>Start to Attack Delay:</b><br>This needs to be carefully calibrated.",
            "02-Declaration": "const uint16_t START_TO_ATTACK_DELAY",
            "03-MinValue": 0,
            "04-MaxValue": 65535,
            "98-Default": "3720",
            "99-Current": "3720"
        },
        {
            "00-Type": "Divider",
            "01-Label": "<font size=4><b>Advanced Options:</b> You should not need to touch anything below here.</font>"
        },
        {
            "00-Type": "TimeExpression",
            "01-Label": "<b>End Battle Delay:</b>",
            "02-Declaration": "const uint16_t END_BATTLE_DELAY",
            "03-MinValue": 0,
            "04-MaxValue": 65535,
            "98-Default": "22 * TICKS_PER_SECOND",
            "99-Current": "22 * TICKS_PER_SECOND"
        },
        {
            "00-Type": "TimeExpression",
            "01-Label": "<b>Rollover Prevention:</b><br>Prevent a den from rolling over by periodically touching the date. If set to zero, this feature is disabled.",
            "02-Declaration": "const uint32_t TOUCH_DATE_INTERVAL",
            "03-MinValue": 0,
            "04-MaxValue": 2147483647,
            "98-Default": "4 * 3600 * TICKS_PER_SECOND",
            "99-Current": "4 * 3600 * TICKS_PER_SECOND"
        }
    ]
}
