﻿{
    "0-ProgramName": "ShinyHuntUnattended-Regi",
    "1-Description": "Hunt for shiny Regis. Stop when a shiny is found.",
    "2-Parameters": [
        {
            "00-Type": "TimeExpression",
            "01-Label": "<b>Start to Run Delay:</b><br>This needs to be carefully calibrated.",
            "02-Declaration": "const uint16_t START_TO_RUN_DELAY",
            "03-MinValue": 0,
            "04-MaxValue": 65535,
            "98-Default": "1990",
            "99-Current": "1990"
        },
        {
            "00-Type": "EnumDropdown",
            "01-Label": "<b>Name of Regi:</b>",
            "02-Declaration": "const RegiGolem REGI_NAME",
            "03-Options": [
                [
                    "Regirock",
                    "Regirock"
                ],
                [
                    "Regice",
                    "Regice"
                ],
                [
                    "Registeel",
                    "Registeel"
                ],
                [
                    "Regieleki",
                    "Regieleki"
                ],
                [
                    "Regidrago",
                    "Regidrago"
                ]
            ],
            "98-Default": "Registeel",
            "99-Current": "Registeel"
        },
        {
            "00-Type": "Divider",
            "01-Label": "<font size=4><b>Advanced Options:</b> You should not need to touch anything below here.</font>"
        },
        {
            "00-Type": "SimpleInteger",
            "01-Label": "<b>Correction Interval:</b><br>Periodically leave the building to fix broken lights. Zero disables these corrections.",
            "02-Declaration": "const uint16_t CORRECTION_INTERVAL",
            "03-MinValue": 0,
            "04-MaxValue": 65535,
            "98-Default": 20,
            "99-Current": 20
        },
        {
            "00-Type": "TimeExpression",
            "01-Label": "<b>Transition Delay:</b><br>Time to enter/exit the building.",
            "02-Declaration": "const uint16_t TRANSITION_DELAY",
            "03-MinValue": 0,
            "04-MaxValue": 65535,
            "98-Default": "5 * TICKS_PER_SECOND",
            "99-Current": "5 * TICKS_PER_SECOND"
        },
        {
            "00-Type": "TimeExpression",
            "01-Label": "<b>Rollover Prevention:</b><br>Prevent a den from rolling over by periodically touching the date. If set to zero, this feature is disabled.",
            "02-Declaration": "const uint32_t TOUCH_DATE_INTERVAL",
            "03-MinValue": 0,
            "04-MaxValue": 2147483647,
            "98-Default": "4 * 3600 * TICKS_PER_SECOND",
            "99-Current": "4 * 3600 * TICKS_PER_SECOND"
        }
    ]
}
